id,sound,idiom,type,idiom_cyr
78,p,Shapsug,stops,шапсугские
79,t,Shapsug,stops,шапсугские
80,kʷ,Shapsug,stops,шапсугские
81,kʲ,Shapsug,stops,шапсугские
82,q,Shapsug,stops,шапсугские
83,qʷ,Shapsug,stops,шапсугские
84,ʔ,Shapsug,stops,шапсугские
85,ʔʷ,Shapsug,stops,шапсугские
86,pʰ,Shapsug,stops,шапсугские
87,tʰ,Shapsug,stops,шапсугские
88,kʰʷ,Shapsug,stops,шапсугские
89,p',Shapsug,stops,шапсугские
90,p'ʷ,Shapsug,stops,шапсугские
91,t',Shapsug,stops,шапсугские
92,t'ʷ,Shapsug,stops,шапсугские
93,k',Shapsug,stops,шапсугские
94,k'ʷ,Shapsug,stops,шапсугские
95,kʲ',Shapsug,stops,шапсугские
96,q',Shapsug,stops,шапсугские
97,q'ʷ,Shapsug,stops,шапсугские
98,b,Shapsug,stops,шапсугские
99,d,Shapsug,stops,шапсугские
100,ɡ,Shapsug,stops,шапсугские
101,ɡʷ,Shapsug,stops,шапсугские
102,ɡʲ,Shapsug,stops,шапсугские
299,s,Shapsug,fricatives,шапсугские
300,ŝ,Shapsug,fricatives,шапсугские
301,ŝʷ,Shapsug,fricatives,шапсугские
302,ɕ,Shapsug,fricatives,шапсугские
303,ɬ,Shapsug,fricatives,шапсугские
304,x,Shapsug,fricatives,шапсугские
305,xʲ,Shapsug,fricatives,шапсугские
306,χ,Shapsug,fricatives,шапсугские
307,χʷ,Shapsug,fricatives,шапсугские
308,ħ,Shapsug,fricatives,шапсугские
309,ʜ,Shapsug,fricatives,шапсугские
310,ʜʷ,Shapsug,fricatives,шапсугские
311,ɕʰ,Shapsug,fricatives,шапсугские
312,s',Shapsug,fricatives,шапсугские
313,ŝ',Shapsug,fricatives,шапсугские
314,ŝ'ʷ,Shapsug,fricatives,шапсугские
315,ɬ',Shapsug,fricatives,шапсугские
316,z,Shapsug,fricatives,шапсугские
317,ẑ,Shapsug,fricatives,шапсугские
318,ẑʷ,Shapsug,fricatives,шапсугские
319,ʑ,Shapsug,fricatives,шапсугские
320,ɣ,Shapsug,fricatives,шапсугские
321,ʁ,Shapsug,fricatives,шапсугские
322,ʁʷ,Shapsug,fricatives,шапсугские
559,ts,Shapsug,affricates,шапсугские
560,tŝʷ,Shapsug,affricates,шапсугские
561,tɕ,Shapsug,affricates,шапсугские
562,tsʰ,Shapsug,affricates,шапсугские
563,tɕʰ,Shapsug,affricates,шапсугские
564,ts’,Shapsug,affricates,шапсугские
565,tŝ’ʷ,Shapsug,affricates,шапсугские
566,tɕ’,Shapsug,affricates,шапсугские
567,dz,Shapsug,affricates,шапсугские
568,dẑʷ,Shapsug,affricates,шапсугские
569,dʑ,Shapsug,affricates,шапсугские
636,m,Shapsug,sonorants,шапсугские
637,n,Shapsug,sonorants,шапсугские
638,j,Shapsug,sonorants,шапсугские
639,r,Shapsug,sonorants,шапсугские
640,l,Shapsug,sonorants,шапсугские
58,p,Xakuch,stops,хакучинский
59,t,Xakuch,stops,хакучинский
60,kʷ,Xakuch,stops,хакучинский
61,kʲ,Xakuch,stops,хакучинский
62,q,Xakuch,stops,хакучинский
63,qʷ,Xakuch,stops,хакучинский
64,ʔ,Xakuch,stops,хакучинский
65,ʔʷ,Xakuch,stops,хакучинский
66,p',Xakuch,stops,хакучинский
67,p'ʷ,Xakuch,stops,хакучинский
68,t',Xakuch,stops,хакучинский
69,t'ʷ,Xakuch,stops,хакучинский
70,k',Xakuch,stops,хакучинский
71,k'ʷ,Xakuch,stops,хакучинский
72,kʲ',Xakuch,stops,хакучинский
73,b,Xakuch,stops,хакучинский
74,d,Xakuch,stops,хакучинский
75,ɡ,Xakuch,stops,хакучинский
76,ɡʷ,Xakuch,stops,хакучинский
77,ɡʲ,Xakuch,stops,хакучинский
323,s,Xakuch,fricatives,хакучинский
324,ŝ,Xakuch,fricatives,хакучинский
325,ŝʷ,Xakuch,fricatives,хакучинский
326,ɕ,Xakuch,fricatives,хакучинский
327,ɬ,Xakuch,fricatives,хакучинский
328,x,Xakuch,fricatives,хакучинский
329,χ,Xakuch,fricatives,хакучинский
330,χʷ,Xakuch,fricatives,хакучинский
331,ħ,Xakuch,fricatives,хакучинский
332,ʜ,Xakuch,fricatives,хакучинский
333,ʜʷ,Xakuch,fricatives,хакучинский
334,s',Xakuch,fricatives,хакучинский
335,ŝ',Xakuch,fricatives,хакучинский
336,ŝ'ʷ,Xakuch,fricatives,хакучинский
337,ɬ',Xakuch,fricatives,хакучинский
338,z,Xakuch,fricatives,хакучинский
339,ẑ,Xakuch,fricatives,хакучинский
340,ẑʷ,Xakuch,fricatives,хакучинский
341,ʑ,Xakuch,fricatives,хакучинский
342,ɣ,Xakuch,fricatives,хакучинский
343,ʁ,Xakuch,fricatives,хакучинский
344,ʁʷ,Xakuch,fricatives,хакучинский
631,m,Xakuch,sonorants,хакучинский
632,n,Xakuch,sonorants,хакучинский
633,j,Xakuch,sonorants,хакучинский
634,r,Xakuch,sonorants,хакучинский
635,l,Xakuch,sonorants,хакучинский
185,p,Tersk,stops,терские
186,t,Tersk,stops,терские
187,kʷ,Tersk,stops,терские
188,kʲ,Tersk,stops,терские
189,ʔ,Tersk,stops,терские
190,ʔʷ,Tersk,stops,терские
191,p',Tersk,stops,терские
192,t',Tersk,stops,терские
193,kʲ',Tersk,stops,терские
194,k'ʷ,Tersk,stops,терские
195,q',Tersk,stops,терские
196,q'ʷ,Tersk,stops,терские
197,b,Tersk,stops,терские
198,d,Tersk,stops,терские
199,ɡ,Tersk,stops,терские
200,ɡʲ,Tersk,stops,терские
201,ɡʷ,Tersk,stops,терские
491,f,Tersk,fricatives,терские
492,s,Tersk,fricatives,терские
493,sʲ,Tersk,fricatives,терские
494,ŝ,Tersk,fricatives,терские
495,ɕ,Tersk,fricatives,терские
496,ɬ,Tersk,fricatives,терские
497,x,Tersk,fricatives,терские
498,xʷ,Tersk,fricatives,терские
499,χ,Tersk,fricatives,терские
500,χʷ,Tersk,fricatives,терские
501,ħ,Tersk,fricatives,терские
502,ʜ,Tersk,fricatives,терские
503,ʜʷ,Tersk,fricatives,терские
504,f’,Tersk,fricatives,терские
505,sʲ’,Tersk,fricatives,терские
506,ɬ’,Tersk,fricatives,терские
507,v,Tersk,fricatives,терские
508,z,Tersk,fricatives,терские
509,zʲ,Tersk,fricatives,терские
510,ẑ,Tersk,fricatives,терские
511,ʑ,Tersk,fricatives,терские
512,ɮ,Tersk,fricatives,терские
513,ɣ,Tersk,fricatives,терские
514,ʁ,Tersk,fricatives,терские
515,ʁʷ,Tersk,fricatives,терские
610,ts,Tersk,affricates,терские
611,tɕ,Tersk,affricates,терские
612,qχ,Tersk,affricates,терские
613,qχʷ,Tersk,affricates,терские
614,ts’,Tersk,affricates,терские
615,tŝ’,Tersk,affricates,терские
616,tɕ’,Tersk,affricates,терские
617,dz,Tersk,affricates,терские
618,dʑ,Tersk,affricates,терские
661,m,Terek,sonorants,терские
662,n,Terek,sonorants,терские
663,j,Terek,sonorants,терские
664,r,Terek,sonorants,терские
1,p,Temirgoy,stops,темергоевский
2,t,Temirgoy,stops,темергоевский
3,kʷ,Temirgoy,stops,темергоевский
4,q,Temirgoy,stops,темергоевский
5,qʷ,Temirgoy,stops,темергоевский
6,ʔ,Temirgoy,stops,темергоевский
7,ʔʷ,Temirgoy,stops,темергоевский
8,p',Temirgoy,stops,темергоевский
9,p'ʷ,Temirgoy,stops,темергоевский
10,t',Temirgoy,stops,темергоевский
11,t'ʷ,Temirgoy,stops,темергоевский
12,k',Temirgoy,stops,темергоевский
13,k'ʷ,Temirgoy,stops,темергоевский
14,b,Temirgoy,stops,темергоевский
15,d,Temirgoy,stops,темергоевский
16,ɡ,Temirgoy,stops,темергоевский
17,ɡʷ,Temirgoy,stops,темергоевский
219,f,Temirgoy,fricatives,темергоевский
220,s,Temirgoy,fricatives,темергоевский
221,ʃ,Temirgoy,fricatives,темергоевский
222,ŝ,Temirgoy,fricatives,темергоевский
223,ŝʷ,Temirgoy,fricatives,темергоевский
224,ɕ,Temirgoy,fricatives,темергоевский
225,ɬ,Temirgoy,fricatives,темергоевский
226,x,Temirgoy,fricatives,темергоевский
227,χ,Temirgoy,fricatives,темергоевский
228,χʷ,Temirgoy,fricatives,темергоевский
229,ħ,Temirgoy,fricatives,темергоевский
230,ʜ,Temirgoy,fricatives,темергоевский
231,ʜʷ,Temirgoy,fricatives,темергоевский
232,ŝ',Temirgoy,fricatives,темергоевский
233,ŝ'ʷ,Temirgoy,fricatives,темергоевский
234,ɬ',Temirgoy,fricatives,темергоевский
235,z,Temirgoy,fricatives,темергоевский
236,ʒ,Temirgoy,fricatives,темергоевский
237,ẑ,Temirgoy,fricatives,темергоевский
238,ẑʷ,Temirgoy,fricatives,темергоевский
239,ẑ̪,Temirgoy,fricatives,темергоевский
240,ʑ,Temirgoy,fricatives,темергоевский
241,ɮ,Temirgoy,fricatives,темергоевский
242,ɣ,Temirgoy,fricatives,темергоевский
243,ʁ,Temirgoy,fricatives,темергоевский
244,ʁʷ,Temirgoy,fricatives,темергоевский
516,ts,Temirgoy,affricates,темергоевский
517,tʃ,Temirgoy,affricates,темергоевский
518,tŝ,Temirgoy,affricates,темергоевский
519,tŝʷ,Temirgoy,affricates,темергоевский
520,tɕ,Temirgoy,affricates,темергоевский
521,ts’,Temirgoy,affricates,темергоевский
522,tʃ’,Temirgoy,affricates,темергоевский
523,tŝ’,Temirgoy,affricates,темергоевский
524,tŝ’ʷ,Temirgoy,affricates,темергоевский
525,tɕ’,Temirgoy,affricates,темергоевский
526,dz,Temirgoy,affricates,темергоевский
527,dʒ,Temirgoy,affricates,темергоевский
528,dẑʷ,Temirgoy,affricates,темергоевский
529,dʑ,Temirgoy,affricates,темергоевский
619,m,Temirgoy,sonorants,темергоевский
620,n,Temirgoy,sonorants,темергоевский
621,j,Temirgoy,sonorants,темергоевский
622,r,Temirgoy,sonorants,темергоевский
168,p,Malkin,stops,малкинские
169,t,Malkin,stops,малкинские
170,kʷ,Malkin,stops,малкинские
171,kʲ,Malkin,stops,малкинские
172,ʔ,Malkin,stops,малкинские
173,ʔʷ,Malkin,stops,малкинские
174,p',Malkin,stops,малкинские
175,t',Malkin,stops,малкинские
176,kʲ',Malkin,stops,малкинские
177,k'ʷ,Malkin,stops,малкинские
178,q',Malkin,stops,малкинские
179,q'ʷ,Malkin,stops,малкинские
180,b,Malkin,stops,малкинские
181,d,Malkin,stops,малкинские
182,ɡ,Malkin,stops,малкинские
183,ɡʲ,Malkin,stops,малкинские
184,ɡʷ,Malkin,stops,малкинские
444,f,Malkin,fricatives,малкинские
445,s,Malkin,fricatives,малкинские
446,sʲ,Malkin,fricatives,малкинские
447,ɕ,Malkin,fricatives,малкинские
448,ɬ,Malkin,fricatives,малкинские
449,x,Malkin,fricatives,малкинские
450,xʷ,Malkin,fricatives,малкинские
451,χ,Malkin,fricatives,малкинские
452,χʷ,Malkin,fricatives,малкинские
453,ħ,Malkin,fricatives,малкинские
454,ʜ,Malkin,fricatives,малкинские
455,ʜʷ,Malkin,fricatives,малкинские
456,f’,Malkin,fricatives,малкинские
457,sʲ’,Malkin,fricatives,малкинские
458,ɕ’,Malkin,fricatives,малкинские
459,ɬ’,Malkin,fricatives,малкинские
460,v,Malkin,fricatives,малкинские
461,z,Malkin,fricatives,малкинские
462,zʲ,Malkin,fricatives,малкинские
463,ʑ,Malkin,fricatives,малкинские
464,ɮ,Malkin,fricatives,малкинские
465,ɣ,Malkin,fricatives,малкинские
466,ʁ,Malkin,fricatives,малкинские
467,ʁʷ,Malkin,fricatives,малкинские
594,ts,Malkin,affricates,малкинские
595,tɕ,Malkin,affricates,малкинские
596,qχ,Malkin,affricates,малкинские
597,qχʷ,Malkin,affricates,малкинские
598,ts’,Malkin,affricates,малкинские
599,tɕ’,Malkin,affricates,малкинские
600,dz,Malkin,affricates,малкинские
601,dʑ,Malkin,affricates,малкинские
653,m,Malkin,sonorants,малкинские
654,n,Malkin,sonorants,малкинские
655,j,Malkin,sonorants,малкинские
656,r,Malkin,sonorants,малкинские
120,p,Kuban,stops,кубанский
121,t,Kuban,stops,кубанский
122,kʷ,Kuban,stops,кубанский
123,q,Kuban,stops,кубанский
124,qʷ,Kuban,stops,кубанский
125,ʔ,Kuban,stops,кубанский
126,ʔʷ,Kuban,stops,кубанский
127,p',Kuban,stops,кубанский
128,t',Kuban,stops,кубанский
129,k',Kuban,stops,кубанский
130,k'ʷ,Kuban,stops,кубанский
131,b,Kuban,stops,кубанский
132,d,Kuban,stops,кубанский
133,ɡ,Kuban,stops,кубанский
134,ɡʷ,Kuban,stops,кубанский
370,f,Kuban,fricatives,кубанский
371,s,Kuban,fricatives,кубанский
372,ŝ,Kuban,fricatives,кубанский
373,ɕ,Kuban,fricatives,кубанский
374,ɬ,Kuban,fricatives,кубанский
375,x,Kuban,fricatives,кубанский
376,xʷ,Kuban,fricatives,кубанский
377,χ,Kuban,fricatives,кубанский
378,χʷ,Kuban,fricatives,кубанский
379,ħ,Kuban,fricatives,кубанский
380,ʜ,Kuban,fricatives,кубанский
381,ʜʷ,Kuban,fricatives,кубанский
382,f',Kuban,fricatives,кубанский
383,ŝ',Kuban,fricatives,кубанский
384,ɬ',Kuban,fricatives,кубанский
385,v,Kuban,fricatives,кубанский
386,z,Kuban,fricatives,кубанский
387,ʒ,Kuban,fricatives,кубанский
388,ẑ,Kuban,fricatives,кубанский
389,ʑ,Kuban,fricatives,кубанский
390,ɮ,Kuban,fricatives,кубанский
391,ɣ,Kuban,fricatives,кубанский
392,ʁ,Kuban,fricatives,кубанский
393,ʁʷ,Kuban,fricatives,кубанский
578,ts,Kuban,affricates,кубанский
579,tɕ,Kuban,affricates,кубанский
580,qχ,Kuban,affricates,кубанский
581,qχʷ,Kuban,affricates,кубанский
582,ts’,Kuban,affricates,кубанский
583,tɕ’,Kuban,affricates,кубанский
584,dz,Kuban,affricates,кубанский
585,dʑ,Kuban,affricates,кубанский
645,m,Kuban,sonorants,кубанский
646,n,Kuban,sonorants,кубанский
647,j,Kuban,sonorants,кубанский
648,r,Kuban,sonorants,кубанский
151,p,Kuban-Zelenchuk,stops,кубано-зеленчукские
152,t,Kuban-Zelenchuk,stops,кубано-зеленчукские
153,kʷ,Kuban-Zelenchuk,stops,кубано-зеленчукские
154,kʲ,Kuban-Zelenchuk,stops,кубано-зеленчукские
155,ʔ,Kuban-Zelenchuk,stops,кубано-зеленчукские
156,ʔʷ,Kuban-Zelenchuk,stops,кубано-зеленчукские
157,p',Kuban-Zelenchuk,stops,кубано-зеленчукские
158,t',Kuban-Zelenchuk,stops,кубано-зеленчукские
159,kʲ',Kuban-Zelenchuk,stops,кубано-зеленчукские
160,k'ʷ,Kuban-Zelenchuk,stops,кубано-зеленчукские
161,q',Kuban-Zelenchuk,stops,кубано-зеленчукские
162,q'ʷ,Kuban-Zelenchuk,stops,кубано-зеленчукские
163,b,Kuban-Zelenchuk,stops,кубано-зеленчукские
164,d,Kuban-Zelenchuk,stops,кубано-зеленчукские
165,ɡ,Kuban-Zelenchuk,stops,кубано-зеленчукские
166,ɡʲ,Kuban-Zelenchuk,stops,кубано-зеленчукские
167,ɡʷ,Kuban-Zelenchuk,stops,кубано-зеленчукские
394,f,Kuban-Zelenchuk,fricatives,кубано-зеленчукские
395,s,Kuban-Zelenchuk,fricatives,кубано-зеленчукские
396,ŝ,Kuban-Zelenchuk,fricatives,кубано-зеленчукские
397,ɕ,Kuban-Zelenchuk,fricatives,кубано-зеленчукские
398,ɬ,Kuban-Zelenchuk,fricatives,кубано-зеленчукские
399,x,Kuban-Zelenchuk,fricatives,кубано-зеленчукские
400,xʷ,Kuban-Zelenchuk,fricatives,кубано-зеленчукские
401,χ,Kuban-Zelenchuk,fricatives,кубано-зеленчукские
402,χʷ,Kuban-Zelenchuk,fricatives,кубано-зеленчукские
403,ħ,Kuban-Zelenchuk,fricatives,кубано-зеленчукские
404,ʜ,Kuban-Zelenchuk,fricatives,кубано-зеленчукские
405,ʜʷ,Kuban-Zelenchuk,fricatives,кубано-зеленчукские
406,f',Kuban-Zelenchuk,fricatives,кубано-зеленчукские
407,ŝ',Kuban-Zelenchuk,fricatives,кубано-зеленчукские
408,ɬ',Kuban-Zelenchuk,fricatives,кубано-зеленчукские
409,v,Kuban-Zelenchuk,fricatives,кубано-зеленчукские
410,z,Kuban-Zelenchuk,fricatives,кубано-зеленчукские
411,ʒ,Kuban-Zelenchuk,fricatives,кубано-зеленчукские
412,ẑ,Kuban-Zelenchuk,fricatives,кубано-зеленчукские
413,ʑ,Kuban-Zelenchuk,fricatives,кубано-зеленчукские
414,ɮ,Kuban-Zelenchuk,fricatives,кубано-зеленчукские
415,ɣ,Kuban-Zelenchuk,fricatives,кубано-зеленчукские
416,ʁ,Kuban-Zelenchuk,fricatives,кубано-зеленчукские
417,ʁʷ,Kuban-Zelenchuk,fricatives,кубано-зеленчукские
586,ts,Kuban-Zelenchuk,affricates,кубано-зеленчукские
587,tɕ,Kuban-Zelenchuk,affricates,кубано-зеленчукские
588,qχ,Kuban-Zelenchuk,affricates,кубано-зеленчукские
589,qχʷ,Kuban-Zelenchuk,affricates,кубано-зеленчукские
590,ts’,Kuban-Zelenchuk,affricates,кубано-зеленчукские
591,tɕ’,Kuban-Zelenchuk,affricates,кубано-зеленчукские
592,dz,Kuban-Zelenchuk,affricates,кубано-зеленчукские
593,dʑ,Kuban-Zelenchuk,affricates,кубано-зеленчукские
649,m,Kuban-Zelenchuk,sonorants,кубано-зеленчукские
650,n,Kuban-Zelenchuk,sonorants,кубано-зеленчукские
651,j,Kuban-Zelenchuk,sonorants,кубано-зеленчукские
652,r,Kuban-Zelenchuk,sonorants,кубано-зеленчукские
36,p,Bzhedukh,stops,бжедугский
37,t,Bzhedukh,stops,бжедугский
38,kʷ,Bzhedukh,stops,бжедугский
39,q,Bzhedukh,stops,бжедугский
40,qʷ,Bzhedukh,stops,бжедугский
41,ʔ,Bzhedukh,stops,бжедугский
42,ʔʷ,Bzhedukh,stops,бжедугский
43,pʰ,Bzhedukh,stops,бжедугский
44,tʰ,Bzhedukh,stops,бжедугский
45,kʰʷ,Bzhedukh,stops,бжедугский
46,qʰ,Bzhedukh,stops,бжедугский
47,qʰʷ,Bzhedukh,stops,бжедугский
48,p',Bzhedukh,stops,бжедугский
49,p'ʷ,Bzhedukh,stops,бжедугский
50,t',Bzhedukh,stops,бжедугский
51,t'ʷ,Bzhedukh,stops,бжедугский
52,k',Bzhedukh,stops,бжедугский
53,k'ʷ,Bzhedukh,stops,бжедугский
54,b,Bzhedukh,stops,бжедугский
55,d,Bzhedukh,stops,бжедугский
56,ɡ,Bzhedukh,stops,бжедугский
57,ɡʷ,Bzhedukh,stops,бжедугский
272,f,Bzhedukh,fricatives,бжедугский
273,s,Bzhedukh,fricatives,бжедугский
274,ʃ,Bzhedukh,fricatives,бжедугский
275,ŝ,Bzhedukh,fricatives,бжедугский
276,ŝʷ,Bzhedukh,fricatives,бжедугский
277,ɕ,Bzhedukh,fricatives,бжедугский
278,ɬ,Bzhedukh,fricatives,бжедугский
279,x,Bzhedukh,fricatives,бжедугский
280,χ,Bzhedukh,fricatives,бжедугский
281,χʷ,Bzhedukh,fricatives,бжедугский
282,ħ,Bzhedukh,fricatives,бжедугский
283,ʜ,Bzhedukh,fricatives,бжедугский
284,ʜʷ,Bzhedukh,fricatives,бжедугский
285,ʃʰ,Bzhedukh,fricatives,бжедугский
286,ɕʰ,Bzhedukh,fricatives,бжедугский
287,ŝ',Bzhedukh,fricatives,бжедугский
288,ŝ'ʷ,Bzhedukh,fricatives,бжедугский
289,ɬ',Bzhedukh,fricatives,бжедугский
290,z,Bzhedukh,fricatives,бжедугский
291,ʒ,Bzhedukh,fricatives,бжедугский
292,ẑ,Bzhedukh,fricatives,бжедугский
293,ẑʷ,Bzhedukh,fricatives,бжедугский
294,ʑ,Bzhedukh,fricatives,бжедугский
295,ɮ,Bzhedukh,fricatives,бжедугский
296,ɣ,Bzhedukh,fricatives,бжедугский
297,ʁ,Bzhedukh,fricatives,бжедугский
298,ʁʷ,Bzhedukh,fricatives,бжедугский
541,ts,Bzhedukh,affricates,бжедугский
542,tʃ,Bzhedukh,affricates,бжедугский
543,tŝ,Bzhedukh,affricates,бжедугский
544,tŝʷ,Bzhedukh,affricates,бжедугский
545,tɕ,Bzhedukh,affricates,бжедугский
546,tsʰ,Bzhedukh,affricates,бжедугский
547,tʃʰ,Bzhedukh,affricates,бжедугский
548,tŝʷʰ,Bzhedukh,affricates,бжедугский
549,tɕʰ,Bzhedukh,affricates,бжедугский
550,ts’,Bzhedukh,affricates,бжедугский
551,tʃ’,Bzhedukh,affricates,бжедугский
552,tŝ’,Bzhedukh,affricates,бжедугский
553,tŝ’ʷ,Bzhedukh,affricates,бжедугский
554,tɕ’,Bzhedukh,affricates,бжедугский
555,dz,Bzhedukh,affricates,бжедугский
556,dʒ,Bzhedukh,affricates,бжедугский
557,dẑʷ,Bzhedukh,affricates,бжедугский
558,dʑ,Bzhedukh,affricates,бжедугский
627,m,Bzhedukh,sonorants,бжедугский
628,n,Bzhedukh,sonorants,бжедугский
629,j,Bzhedukh,sonorants,бжедугский
630,r,Bzhedukh,sonorants,бжедугский
103,p,Besleney,stops,бесленеевский
104,t,Besleney,stops,бесленеевский
105,kʷ,Besleney,stops,бесленеевский
106,q,Besleney,stops,бесленеевский
107,qʷ,Besleney,stops,бесленеевский
108,ʔ,Besleney,stops,бесленеевский
109,ʔʷ,Besleney,stops,бесленеевский
110,qʰ,Besleney,stops,бесленеевский
111,qʰʷ,Besleney,stops,бесленеевский
112,p',Besleney,stops,бесленеевский
113,t',Besleney,stops,бесленеевский
114,k',Besleney,stops,бесленеевский
115,k'ʷ,Besleney,stops,бесленеевский
116,b,Besleney,stops,бесленеевский
117,d,Besleney,stops,бесленеевский
118,ɡ,Besleney,stops,бесленеевский
119,ɡʷ,Besleney,stops,бесленеевский
345,f,Besleney,fricatives,бесленеевский
346,s,Besleney,fricatives,бесленеевский
347,ʃ,Besleney,fricatives,бесленеевский
348,ŝ,Besleney,fricatives,бесленеевский
349,ɕ,Besleney,fricatives,бесленеевский
350,ɬ,Besleney,fricatives,бесленеевский
351,x,Besleney,fricatives,бесленеевский
352,xʷ,Besleney,fricatives,бесленеевский
353,χ,Besleney,fricatives,бесленеевский
354,χʷ,Besleney,fricatives,бесленеевский
355,ħ,Besleney,fricatives,бесленеевский
356,ʜ,Besleney,fricatives,бесленеевский
357,ʜʷ,Besleney,fricatives,бесленеевский
358,f',Besleney,fricatives,бесленеевский
359,ŝ',Besleney,fricatives,бесленеевский
360,ɬ',Besleney,fricatives,бесленеевский
361,v,Besleney,fricatives,бесленеевский
362,z,Besleney,fricatives,бесленеевский
363,ʒ,Besleney,fricatives,бесленеевский
364,ẑ,Besleney,fricatives,бесленеевский
365,ʑ,Besleney,fricatives,бесленеевский
366,ɮ,Besleney,fricatives,бесленеевский
367,ɣ,Besleney,fricatives,бесленеевский
368,ʁ,Besleney,fricatives,бесленеевский
369,ʁʷ,Besleney,fricatives,бесленеевский
570,ts,Besleney,affricates,бесленеевский
571,tʃ,Besleney,affricates,бесленеевский
572,tɕ,Besleney,affricates,бесленеевский
573,ts’,Besleney,affricates,бесленеевский
574,tʃ’,Besleney,affricates,бесленеевский
575,tɕ’,Besleney,affricates,бесленеевский
576,dz,Besleney,affricates,бесленеевский
577,dʑ,Besleney,affricates,бесленеевский
641,m,Besleney,sonorants,бесленеевский
642,n,Besleney,sonorants,бесленеевский
643,j,Besleney,sonorants,бесленеевский
644,r,Besleney,sonorants,бесленеевский
202,p,Baksan,stops,баксанский
203,t,Baksan,stops,баксанский
204,kʷ,Baksan,stops,баксанский
205,kʲ,Baksan,stops,баксанский
206,ʔ,Baksan,stops,баксанский
207,ʔʷ,Baksan,stops,баксанский
208,p',Baksan,stops,баксанский
209,t',Baksan,stops,баксанский
210,kʲ',Baksan,stops,баксанский
211,k'ʷ,Baksan,stops,баксанский
212,q',Baksan,stops,баксанский
213,q'ʷ,Baksan,stops,баксанский
214,b,Baksan,stops,баксанский
215,d,Baksan,stops,баксанский
216,ɡ,Baksan,stops,баксанский
217,ɡʲ,Baksan,stops,баксанский
218,ɡʷ,Baksan,stops,баксанский
468,f,Baksan,fricatives,баксанский
469,s,Baksan,fricatives,баксанский
470,sʲ,Baksan,fricatives,баксанский
471,ɕ,Baksan,fricatives,баксанский
472,ɬ,Baksan,fricatives,баксанский
473,x,Baksan,fricatives,баксанский
474,xʷ,Baksan,fricatives,баксанский
475,χ,Baksan,fricatives,баксанский
476,χʷ,Baksan,fricatives,баксанский
477,ħ,Baksan,fricatives,баксанский
478,ʜ,Baksan,fricatives,баксанский
479,ʜʷ,Baksan,fricatives,баксанский
480,f’,Baksan,fricatives,баксанский
481,sʲ’,Baksan,fricatives,баксанский
482,ɬ’,Baksan,fricatives,баксанский
483,v,Baksan,fricatives,баксанский
484,z,Baksan,fricatives,баксанский
485,zʲ,Baksan,fricatives,баксанский
486,ʑ,Baksan,fricatives,баксанский
487,ɮ,Baksan,fricatives,баксанский
488,ɣ,Baksan,fricatives,баксанский
489,ʁ,Baksan,fricatives,баксанский
490,ʁʷ,Baksan,fricatives,баксанский
602,ts,Baksan,affricates,баксанский
603,tɕ,Baksan,affricates,баксанский
604,qχ,Baksan,affricates,баксанский
605,qχʷ,Baksan,affricates,баксанский
606,ts’,Baksan,affricates,баксанский
607,tɕ’,Baksan,affricates,баксанский
608,dz,Baksan,affricates,баксанский
609,dʑ,Baksan,affricates,баксанский
657,m,Baksan,sonorants,баксанский
658,n,Baksan,sonorants,баксанский
659,j,Baksan,sonorants,баксанский
660,r,Baksan,sonorants,баксанский
135,p,Abazakt,stops,абазактский
136,t,Abazakt,stops,абазактский
137,kʷ,Abazakt,stops,абазактский
138,kʲ,Abazakt,stops,абазактский
139,ʔ,Abazakt,stops,абазактский
140,ʔʷ,Abazakt,stops,абазактский
141,p',Abazakt,stops,абазактский
142,t',Abazakt,stops,абазактский
143,kʲ',Abazakt,stops,абазактский
144,k'ʷ,Abazakt,stops,абазактский
145,q',Abazakt,stops,абазактский
146,q'ʷ,Abazakt,stops,абазактский
147,b,Abazakt,stops,абазактский
148,d,Abazakt,stops,абазактский
149,ɡʲ,Abazakt,stops,абазактский
150,ɡʷ,Abazakt,stops,абазактский
418,f,Abazakt,fricatives,абазактский
419,s,Abazakt,fricatives,абазактский
420,ʃ,Abazakt,fricatives,абазактский
421,ŝ,Abazakt,fricatives,абазактский
422,ɕ,Abazakt,fricatives,абазактский
423,ɬ,Abazakt,fricatives,абазактский
424,x,Abazakt,fricatives,абазактский
425,xʷ,Abazakt,fricatives,абазактский
426,χ,Abazakt,fricatives,абазактский
427,χʷ,Abazakt,fricatives,абазактский
428,ħ,Abazakt,fricatives,абазактский
429,ʜ,Abazakt,fricatives,абазактский
430,ʜʷ,Abazakt,fricatives,абазактский
431,f',Abazakt,fricatives,абазактский
432,ʃ',Abazakt,fricatives,абазактский
433,ŝ',Abazakt,fricatives,абазактский
434,ɬ',Abazakt,fricatives,абазактский
435,v,Abazakt,fricatives,абазактский
436,z,Abazakt,fricatives,абазактский
437,ʒ,Abazakt,fricatives,абазактский
438,ẑ,Abazakt,fricatives,абазактский
439,ʑ,Abazakt,fricatives,абазактский
440,ɮ,Abazakt,fricatives,абазактский
441,ɣ,Abazakt,fricatives,абазактский
442,ʁ,Abazakt,fricatives,абазактский
443,ʁʷ,Abazakt,fricatives,абазактский
18,p,Abadzex,stops,абадзехский
19,t,Abadzex,stops,абадзехский
20,kʷ,Abadzex,stops,абадзехский
21,q,Abadzex,stops,абадзехский
22,qʷ,Abadzex,stops,абадзехский
23,ʔ,Abadzex,stops,абадзехский
24,ʔʷ,Abadzex,stops,абадзехский
25,ʔʲ,Abadzex,stops,абадзехский
26,p',Abadzex,stops,абадзехский
27,p'ʷ,Abadzex,stops,абадзехский
28,t',Abadzex,stops,абадзехский
29,t'ʷ,Abadzex,stops,абадзехский
30,k',Abadzex,stops,абадзехский
31,k'ʷ,Abadzex,stops,абадзехский
32,b,Abadzex,stops,абадзехский
33,d,Abadzex,stops,абадзехский
34,ɡ,Abadzex,stops,абадзехский
35,ɡʷ,Abadzex,stops,абадзехский
245,f,Abadzex,fricatives,абадзехский
246,s,Abadzex,fricatives,абадзехский
247,ʃ,Abadzex,fricatives,абадзехский
248,ŝ,Abadzex,fricatives,абадзехский
249,ŝʷ,Abadzex,fricatives,абадзехский
250,ɕ,Abadzex,fricatives,абадзехский
251,ɬ,Abadzex,fricatives,абадзехский
252,x,Abadzex,fricatives,абадзехский
253,χ,Abadzex,fricatives,абадзехский
254,χʷ,Abadzex,fricatives,абадзехский
255,ħ,Abadzex,fricatives,абадзехский
256,ʜ,Abadzex,fricatives,абадзехский
257,ʜʷ,Abadzex,fricatives,абадзехский
258,ʃ',Abadzex,fricatives,абадзехский
259,ŝ',Abadzex,fricatives,абадзехский
260,ŝ'ʷ,Abadzex,fricatives,абадзехский
261,ɕ',Abadzex,fricatives,абадзехский
262,ɬ',Abadzex,fricatives,абадзехский
263,z,Abadzex,fricatives,абадзехский
264,ʒ,Abadzex,fricatives,абадзехский
265,ẑ,Abadzex,fricatives,абадзехский
266,ẑʷ,Abadzex,fricatives,абадзехский
267,ʑ,Abadzex,fricatives,абадзехский
268,ɮ,Abadzex,fricatives,абадзехский
269,ɣ,Abadzex,fricatives,абадзехский
270,ʁ,Abadzex,fricatives,абадзехский
271,ʁʷ,Abadzex,fricatives,абадзехский
530,ts,Abadzex,affricates,абадзехский
531,tŝ,Abadzex,affricates,абадзехский
532,tŝʷ,Abadzex,affricates,абадзехский
533,tɕ,Abadzex,affricates,абадзехский
534,ts’,Abadzex,affricates,абадзехский
535,tŝ’,Abadzex,affricates,абадзехский
536,tŝ’ʷ,Abadzex,affricates,абадзехский
537,tɕ’,Abadzex,affricates,абадзехский
538,dz,Abadzex,affricates,абадзехский
539,dẑʷ,Abadzex,affricates,абадзехский
540,dʑ,Abadzex,affricates,абадзехский
623,m,Abadzex,sonorants,абадзехский
624,n,Abadzex,sonorants,абадзехский
625,j,Abadzex,sonorants,абадзехский
626,r,Abadzex,sonorants,абадзехский
