id,lect,sound,sound_source,example,translation,translation_source,reference,full_reference
1,Shapsugh,ʑ,ж’,zɐwəʑ,all,всё,Керашева 1957: 219,"Керашева З. И. (1957) Особенности шапсугского диалекта адыгейского языка, Майкоп: Адыгейское книжное издательство."
2,st_WC,ʑ,жь,zɐwəʑ,all,всё,Керашева 1957: 219,"Керашева З. И. (1957) Особенности шапсугского диалекта адыгейского языка, Майкоп: Адыгейское книжное издательство."
3,Shapsugh,ɡʲ,гь,əɡʲərjə,and now,и сейчас,Керашева 1957: 221,"Керашева З. И. (1957) Особенности шапсугского диалекта адыгейского языка, Майкоп: Адыгейское книжное издательство."
4,st_WC,d͡ʑ,дж,əd͡ʑərjə,and now,и сейчас,Керашева 1957: 221,"Керашева З. И. (1957) Особенности шапсугского диалекта адыгейского языка, Майкоп: Адыгейское книжное издательство."
5,Xakuchi,dʲ,д’,ədʲərjə,and now,и сейчас,Керашева 1957: 221,"Керашева З. И. (1957) Особенности шапсугского диалекта адыгейского языка, Майкоп: Адыгейское книжное издательство."
6,Shapsugh,kʲ,кь,pʰxɐkʲaj,barrel,бочка,Керашева 1957: 221,"Керашева З. И. (1957) Особенности шапсугского диалекта адыгейского языка, Майкоп: Адыгейское книжное издательство."
7,st_WC,t͡ɕ,ч,pʰxɐt͡ɕaj,barrel,бочка,Керашева 1957: 221,"Керашева З. И. (1957) Особенности шапсугского диалекта адыгейского языка, Майкоп: Адыгейское книжное издательство."
8,Xakuchi,tʲ,т’,pʰxɐtʲaj,barrel,бочка,Керашева 1957: 221,"Керашева З. И. (1957) Особенности шапсугского диалекта адыгейского языка, Майкоп: Адыгейское книжное издательство."
9,Bzhedugh,d͡ʑ,дж,ɮɐd͡ʑɐn,basin,таз,Ситимова 2004: 215,Ситимова С. С. (2004) Особенности бжедугского диалекта адыгейского языка. Диссертация. Майкоп: Адыгейский государственный университет
10,Shapsugh,ɡʲ,гь,ɮɐɡʲɐn,basin,таз,Керашева 1957: 220,"Керашева З. И. (1957) Особенности шапсугского диалекта адыгейского языка, Майкоп: Адыгейское книжное издательство."
11,st_EC,d͡ʑ,дж,ɮɐd͡ʑɐn,basin,таз,словарь,словарь
12,st_WC,d͡ʑ,дж,ɮɐd͡ʑɐn,basin,таз,Керашева 1957: 220,"Керашева З. И. (1957) Особенности шапсугского диалекта адыгейского языка, Майкоп: Адыгейское книжное издательство."
13,Shapsugh,ʑ,жь,ʑat͡ɕ’ɐ,beard,борода,Керашева 1957: 219,"Керашева З. И. (1957) Особенности шапсугского диалекта адыгейского языка, Майкоп: Адыгейское книжное издательство."
14,st_EC,ʑ,жь,ʑat͡ɕ’ɐ,beard,борода,словарь,словарь
15,st_WC,ʒ,ж,ʒat͡ɕ’ɐ,beard,борода,Керашева 1957: 219,"Керашева З. И. (1957) Особенности шапсугского диалекта адыгейского языка, Майкоп: Адыгейское книжное издательство."
16,Bzhedugh,ʃk,шк,ʃkʷɐ,big,большой,Керашева 1957: 229,"Керашева З. И. (1957) Особенности шапсугского диалекта адыгейского языка, Майкоп: Адыгейское книжное издательство."
17,Shapsugh,f,ф,fʷɐw,big,большой,Керашева 1957: 229,"Керашева З. И. (1957) Особенности шапсугского диалекта адыгейского языка, Майкоп: Адыгейское книжное издательство."
18,st_EC,ʃx,шх,ʃxʷɐ,big,большой,Керашева 1957: 229,"Керашева З. И. (1957) Особенности шапсугского диалекта адыгейского языка, Майкоп: Адыгейское книжное издательство."
19,st_WC,ʃx,шх,ʃxʷɐ,big,большой,Керашева 1957: 229,"Керашева З. И. (1957) Особенности шапсугского диалекта адыгейского языка, Майкоп: Адыгейское книжное издательство."
20,Shapsugh,s’,сI,ŝ’ʷəs’ɐ,black,чёрный,Керашева 1957: 230,"Керашева З. И. (1957) Особенности шапсугского диалекта адыгейского языка, Майкоп: Адыгейское книжное издательство."
21,st_WC,t͡s’,цI,ŝ’ʷət͡s’ɐ,black,чёрный,Керашева 1957: 230,"Керашева З. И. (1957) Особенности шапсугского диалекта адыгейского языка, Майкоп: Адыгейское книжное издательство."
22,Shapsugh,t’,т,ŝχʷat’ɐ,blue,синий,Керашева 1957: 238,"Керашева З. И. (1957) Особенности шапсугского диалекта адыгейского языка, Майкоп: Адыгейское книжное издательство."
23,st_EC,nt’,нт,ŝχʷant’ɐ,blue,синий,Керашева 1957: 238,"Керашева З. И. (1957) Особенности шапсугского диалекта адыгейского языка, Майкоп: Адыгейское книжное издательство."
24,st_WC,nt’,нт,ʃχʷant’ɐ,blue,синий,Керашева 1957: 238,"Керашева З. И. (1957) Особенности шапсугского диалекта адыгейского языка, Майкоп: Адыгейское книжное издательство."
25,Shapsugh,t͡ɕ,ч,pt͡ɕɐrəʁat͡ɕ,bolt,засов,Керашева 1957: 218,"Керашева З. И. (1957) Особенности шапсугского диалекта адыгейского языка, Майкоп: Адыгейское книжное издательство."
26,st_WC,t͡ʃ,чъ,pt͡ʃɐrəʁat͡ʃ,bolt,засов,Керашева 1957: 218,"Керашева З. И. (1957) Особенности шапсугского диалекта адыгейского языка, Майкоп: Адыгейское книжное издательство."
27,Abadzekh,ʃ’,шIъ,ʃ’ɐ,bottom,дно,Кумахова 1972: 17,Кумахова З. Ю. (1972) Абадзехский диалект и его место среди других адыгских диалектов
28,st_EC,ŝ’,шI,ŝ’ɐ,bottom,дно,Керашева 1957: 222,"Керашева З. И. (1957) Особенности шапсугского диалекта адыгейского языка, Майкоп: Адыгейское книжное издательство."
29,st_WC,t͡ʃ’,чIъ,t͡ʃ’ɐ,bottom,дно,Керашева 1957: 222,"Керашева З. И. (1957) Особенности шапсугского диалекта адыгейского языка, Майкоп: Адыгейское книжное издательство."
,Abadzekh,ɕ’,шIь,ɕ’aɮɐ,boy,парень,Кумахова 1972: 40,Кумахова З. Ю. (1972) Абадзехский диалект и его место среди других адыгских диалектов
30,Bzhedugh,t͡ɕ’,кI,t͡ɕ’aɮɐ,boy,парень,Ситимова 2004: 25,Ситимова С. С. (2004) Особенности бжедугского диалекта адыгейского языка. Диссертация. Майкоп: Адыгейский государственный университет
31,Shapsugh,t͡ɕ’,кI,t͡ɕ’aɮɐ,boy,парень,Керашева 1957: 222,"Керашева З. И. (1957) Особенности шапсугского диалекта адыгейского языка, Майкоп: Адыгейское книжное издательство."
32,st_EC,ŝ’,шI,ŝ’aɮɐ,boy,парень,Керашева 1957: 222,"Керашева З. И. (1957) Особенности шапсугского диалекта адыгейского языка, Майкоп: Адыгейское книжное издательство."
33,st_WC,t͡ɕ’,чI,t͡ɕ’aɮɐ,boy,парень,Керашева 1957: 222,"Керашева З. И. (1957) Особенности шапсугского диалекта адыгейского языка, Майкоп: Адыгейское книжное издательство."
34,Abadzekh,ʑ,жь,ɬɐməʑ,bridge,мост,Керашева 1957: 222,"Керашева З. И. (1957) Особенности шапсугского диалекта адыгейского языка, Майкоп: Адыгейское книжное издательство."
35,st_EC,ʑ,жь,ɬɐməʑ,bridge,мост,Керашева 1957: 222,"Керашева З. И. (1957) Особенности шапсугского диалекта адыгейского языка, Майкоп: Адыгейское книжное издательство."
36,st_WC,d͡ʑ,дж,ɬɐməd͡ʑ,bridge,мост,Керашева 1957: 222,"Керашева З. И. (1957) Особенности шапсугского диалекта адыгейского языка, Майкоп: Адыгейское книжное издательство."
37,Abadzekh,ʃ,ш,ʃə,brother,брат,Кумахова 1972: 17,Кумахова З. Ю. (1972) Абадзехский диалект и его место среди других адыгских диалектов
38,Bzhedugh,ʃʰ,шh,ʃʰə,brother,брат,Ситимова 2004: 34,Ситимова С. С. (2004) Особенности бжедугского диалекта адыгейского языка. Диссертация. Майкоп: Адыгейский государственный университет
39,Shapsugh,t͡ɕ,ч,t͡ʃə,brother,брат,Керашева 1957: 225,"Керашева З. И. (1957) Особенности шапсугского диалекта адыгейского языка, Майкоп: Адыгейское книжное издательство."
40,st_EC,ɕ,щ,ɕə,brother,брат,Керашева 1957: 225,"Керашева З. И. (1957) Особенности шапсугского диалекта адыгейского языка, Майкоп: Адыгейское книжное издательство."
41,st_WC,ʃ,ш,ʃə,brother,брат,Керашева 1957: 225,"Керашева З. И. (1957) Особенности шапсугского диалекта адыгейского языка, Майкоп: Адыгейское книжное издательство."
42,Bzhedugh,ɕʰ,щh,ɕʰaɬɐ,bucket,ведро,Ситимова 2004: 229,Ситимова С. С. (2004) Особенности бжедугского диалекта адыгейского языка. Диссертация. Майкоп: Адыгейский государственный университет
43,Shapsugh,t͡ɕ,ч,t͡ɕaɬ,bucket,ведро,Керашева 1957: 225,"Керашева З. И. (1957) Особенности шапсугского диалекта адыгейского языка, Майкоп: Адыгейское книжное издательство."
44,st_WC,ɕ,щ,ɕaɬ,bucket,ведро,Керашева 1957: 225,"Керашева З. И. (1957) Особенности шапсугского диалекта адыгейского языка, Майкоп: Адыгейское книжное издательство."
45,Bzhedugh,kʷ,ку,kʷə,bullock cart,арба,Ситимова 2004: 69,Ситимова С. С. (2004) Особенности бжедугского диалекта адыгейского языка. Диссертация. Майкоп: Адыгейский государственный университет
46,st_EC,ɡʷ,гу,ɡʷə,bullock cart,арба,словарь,словарь
47,st_WC,kʰʷ,ку,kʰʷə,bullock cart,арба,словарь,словарь
48,Shapsugh,d,д,kʷadɐ,bush,куст,Керашева 1957: 238,"Керашева З. И. (1957) Особенности шапсугского диалекта адыгейского языка, Майкоп: Адыгейское книжное издательство."
49,st_WC,nd,нд,kʷandɐ,bush,куст,Керашева 1957: 238,"Керашева З. И. (1957) Особенности шапсугского диалекта адыгейского языка, Майкоп: Адыгейское книжное издательство."
50,Abadzekh,k’,кI,ʃk’ɐ,calf,теленок,Кумахова 1972: 14,Кумахова З. Ю. (1972) Абадзехский диалект и его место среди других адыгских диалектов
51,Bzhedugh,k’,кIь,ʃk’ɐ,calf,теленок,Ситимова 2004: 21,Ситимова С. С. (2004) Особенности бжедугского диалекта адыгейского языка. Диссертация. Майкоп: Адыгейский государственный университет
52,st_WC,k’,кIь,ʃk’ɐ,calf,теленок,Ситимова 2004: 21,Ситимова С. С. (2004) Особенности бжедугского диалекта адыгейского языка. Диссертация. Майкоп: Адыгейский государственный университет
53,Bzhedugh,ɕʰ,щh,bɐɕʰ,cane,палка,Ситимова 2004: 201,Ситимова С. С. (2004) Особенности бжедугского диалекта адыгейского языка. Диссертация. Майкоп: Адыгейский государственный университет
54,Shapsugh,t͡ɕ,ч,bɐt͡ɕ,cane,палка,Керашева 1957: 225,"Керашева З. И. (1957) Особенности шапсугского диалекта адыгейского языка, Майкоп: Адыгейское книжное издательство."
55,st_EC,ɕ,щ,bɐɕ,cane,палка,Керашева 1957: 225,"Керашева З. И. (1957) Особенности шапсугского диалекта адыгейского языка, Майкоп: Адыгейское книжное издательство."
56,st_WC,ɕ,щ,bɐɕ,cane,палка,Керашева 1957: 225,"Керашева З. И. (1957) Особенности шапсугского диалекта адыгейского языка, Майкоп: Адыгейское книжное издательство."
57,Bzhedugh,t͡ɕ,ч,t͡ɕɐtəw,cat,кошка,Ситимова 2004: 44,Ситимова С. С. (2004) Особенности бжедугского диалекта адыгейского языка. Диссертация. Майкоп: Адыгейский государственный университет
58,Shapsugh,kʲ,кькь,kʲɐtəw,cat,кошка,Керашева 1957: 218,"Керашева З. И. (1957) Особенности шапсугского диалекта адыгейского языка, Майкоп: Адыгейское книжное издательство."
59,st_EC,d͡ʑ,дж,d͡ʑɐdəw,cat,кошка,Керашева 1957: 218,"Керашева З. И. (1957) Особенности шапсугского диалекта адыгейского языка, Майкоп: Адыгейское книжное издательство."
60,st_WC,t͡ɕ,ч,t͡ɕɐtʰəw,cat,кошка,Керашева 1957: 218,"Керашева З. И. (1957) Особенности шапсугского диалекта адыгейского языка, Майкоп: Адыгейское книжное издательство."
61,Bzhedugh,t,т,t͡ɕɐtəw,cat 2,кошка 2,Ситимова 2004: 44,Ситимова С. С. (2004) Особенности бжедугского диалекта адыгейского языка. Диссертация. Майкоп: Адыгейский государственный университет
62,Shapsugh,t,тт,kʲɐtəw,cat 2,кошка 2,Керашева 1957: 218,"Керашева З. И. (1957) Особенности шапсугского диалекта адыгейского языка, Майкоп: Адыгейское книжное издательство."
63,st_EC,d,д,d͡ʑɐdəw,cat 2,кошка 2,Керашева 1957: 218,"Керашева З. И. (1957) Особенности шапсугского диалекта адыгейского языка, Майкоп: Адыгейское книжное издательство."
64,st_WC,tʰ,т,t͡ɕɐtʰəw,cat 2,кошка 2,Керашева 1957: 218,"Керашева З. И. (1957) Особенности шапсугского диалекта адыгейского языка, Майкоп: Адыгейское книжное издательство."
65,Shapsugh,kʲ’,кIь,kʲ’aŝʷɐ,ceiling,потолок,Керашева 1957: 220,"Керашева З. И. (1957) Особенности шапсугского диалекта адыгейского языка, Майкоп: Адыгейское книжное издательство."
66,st_WC,t͡ɕ’,чI,t͡ɕ’aŝʷɐ,ceiling,потолок,Керашева 1957: 220,"Керашева З. И. (1957) Особенности шапсугского диалекта адыгейского языка, Майкоп: Адыгейское книжное издательство."
67,Shapsugh,ɡʲ,гь,ɡʲɐgʷə,celebrations,празднество,Керашева 1957: 220,"Керашева З. И. (1957) Особенности шапсугского диалекта адыгейского языка, Майкоп: Адыгейское книжное издательство."
68,st_WC,d͡ʑ,дж,d͡ʑɐɡʷə,celebrations,празднество,Керашева 1957: 220,"Керашева З. И. (1957) Особенности шапсугского диалекта адыгейского языка, Майкоп: Адыгейское книжное издательство."
69,Shapsugh,kʲ’,кIь,pʰɐt͡s’akʲ’,charred log,головня,Керашева 1957: 220,"Керашева З. И. (1957) Особенности шапсугского диалекта адыгейского языка, Майкоп: Адыгейское книжное издательство."
70,st_WC,t͡ɕ’,чI,pʰɐt͡s’at͡ɕ’,charred log,головня,Керашева 1957: 220,"Керашева З. И. (1957) Особенности шапсугского диалекта адыгейского языка, Майкоп: Адыгейское книжное издательство."
71,Bzhedugh,qʰʷ,кхъу,qʰʷajɐ,cheese,сыр,Керашева 1957: 227,"Керашева З. И. (1957) Особенности шапсугского диалекта адыгейского языка, Майкоп: Адыгейское книжное издательство."
72,Shapsugh,χʷ,хъу,χʷajɐ,cheese,сыр,Керашева 1957: 227,"Керашева З. И. (1957) Особенности шапсугского диалекта адыгейского языка, Майкоп: Адыгейское книжное издательство."
73,st_EC,q͡χʷ,кхъу,q͡χʷɐjɐ,cheese,сыр,Керашева 1957: 227,"Керашева З. И. (1957) Особенности шапсугского диалекта адыгейского языка, Майкоп: Адыгейское книжное издательство."
74,st_WC,qʷ,къу,qʷajɐ,cheese,сыр,Керашева 1957: 227,"Керашева З. И. (1957) Особенности шапсугского диалекта адыгейского языка, Майкоп: Адыгейское книжное издательство."
75,Bzhedugh,t͡ɕ,ч,t͡ɕɐtə,chicken,курица,Ситимова 2004: 44,Ситимова С. С. (2004) Особенности бжедугского диалекта адыгейского языка. Диссертация. Майкоп: Адыгейский государственный университет
76,Shapsugh,kʲ,кькь,kʲɐtə,chicken,курица,Керашева 1957: 218,"Керашева З. И. (1957) Особенности шапсугского диалекта адыгейского языка, Майкоп: Адыгейское книжное издательство."
77,st_EC,d͡ʑ,дж,d͡ʑɐd,chicken,курица,Керашева 1957: 218,"Керашева З. И. (1957) Особенности шапсугского диалекта адыгейского языка, Майкоп: Адыгейское книжное издательство."
78,st_WC,t͡ɕ,ч,t͡ɕɐtʰə,chicken,курица,Керашева 1957: 218,"Керашева З. И. (1957) Особенности шапсугского диалекта адыгейского языка, Майкоп: Адыгейское книжное издательство."
79,Bzhedugh,t,т,t͡ɕɐtə,chicken 2,курица 2,Ситимова 2004: 44,Ситимова С. С. (2004) Особенности бжедугского диалекта адыгейского языка. Диссертация. Майкоп: Адыгейский государственный университет
80,Shapsugh,t,тт,kʲɐtə,chicken 2,курица 2,Керашева 1957: 218,"Керашева З. И. (1957) Особенности шапсугского диалекта адыгейского языка, Майкоп: Адыгейское книжное издательство."
81,st_EC,d,д,d͡ʑɐd,chicken 2,курица 2,Керашева 1957: 218,"Керашева З. И. (1957) Особенности шапсугского диалекта адыгейского языка, Майкоп: Адыгейское книжное издательство."
82,st_WC,tʰ,т,t͡ɕɐtʰə,chicken 2,курица 2,Керашева 1957: 218,"Керашева З. И. (1957) Особенности шапсугского диалекта адыгейского языка, Майкоп: Адыгейское книжное издательство."
83,Abadzekh,ʃ,ш,ʃəʔɐ,cold,холодный,Кумахова 1972: 25,Кумахова З. Ю. (1972) Абадзехский диалект и его место среди других адыгских диалектов
84,Bzhedugh,t͡ʃ,чъ,t͡ʃəʔɐ,cold,холодный,Ситимова 2004: 227,Ситимова С. С. (2004) Особенности бжедугского диалекта адыгейского языка. Диссертация. Майкоп: Адыгейский государственный университет
85,Shapsugh,t͡ɕ’,чI,t͡ɕ’əʔɐ,cold,холодный,Керашева 1957: 325,"Керашева З. И. (1957) Особенности шапсугского диалекта адыгейского языка, Майкоп: Адыгейское книжное издательство."
86,st_EC,ŝ’,шIъ,ŝ’əʔɐ,cold,холодный,Кумахова 1972: 28,Кумахова З. Ю. (1972) Абадзехский диалект и его место среди других адыгских диалектов
87,st_WC,t͡ʃ,чъ,t͡ʃəʔɐ,cold,холодный,Кумахова 1972: 28,Кумахова З. Ю. (1972) Абадзехский диалект и его место среди других адыгских диалектов
88,Shapsugh,ʑ,ж’,maʑɐ,comb,гребень,Керашева 1957: 219,"Керашева З. И. (1957) Особенности шапсугского диалекта адыгейского языка, Майкоп: Адыгейское книжное издательство."
89,st_EC,ʑ,жь,maʑɐ,comb,гребень,словарь,словарь
90,st_WC,ʑ,жь,maʑɐ,comb,гребень,Керашева 1957: 219,"Керашева З. И. (1957) Особенности шапсугского диалекта адыгейского языка, Майкоп: Адыгейское книжное издательство."
91,Abadzekh,ʑ,жь,nəbʑɐʁʷ,comrade,товарищ,Керашева 1957: 222,"Керашева З. И. (1957) Особенности шапсугского диалекта адыгейского языка, Майкоп: Адыгейское книжное издательство."
92,Shapsugh,ʑ,ж’,nəbʑɐʁʷ,comrade,товарищ,Керашева 1957: 219,"Керашева З. И. (1957) Особенности шапсугского диалекта адыгейского языка, Майкоп: Адыгейское книжное издательство."
93,st_EC,ʑ,жь,nəbʑɐʁʷ,comrade,товарищ,Керашева 1957: 222,"Керашева З. И. (1957) Особенности шапсугского диалекта адыгейского языка, Майкоп: Адыгейское книжное издательство."
94,st_WC,d͡ʑ,дж,nəbd͡ʑɐʁʷ,comrade,товарищ,Керашева 1957: 219,"Керашева З. И. (1957) Особенности шапсугского диалекта адыгейского языка, Майкоп: Адыгейское книжное издательство."
95,Bzhedugh,t͡ʃʰ,чh,pt͡ʃʰɐ,cough,кашель,Ситимова 2004: 20,Ситимова С. С. (2004) Особенности бжедугского диалекта адыгейского языка. Диссертация. Майкоп: Адыгейский государственный университет
96,st_WC,sk,ск,pskɐ,cough,кашель,Ситимова 2004: 20,Ситимова С. С. (2004) Особенности бжедугского диалекта адыгейского языка. Диссертация. Майкоп: Адыгейский государственный университет
97,Shapsugh,t͡ɕ,ч,pt͡ɕaʁɐ,counting,счет,Керашева 1957: 219,"Керашева З. И. (1957) Особенности шапсугского диалекта адыгейского языка, Майкоп: Адыгейское книжное издательство."
98,st_WC,t͡ʃ,чъ,pt͡ʃaʁɐ,counting,счет,Керашева 1957: 219,"Керашева З. И. (1957) Особенности шапсугского диалекта адыгейского языка, Майкоп: Адыгейское книжное издательство."
99,Abadzekh,ɕ,щ,ɕɐmə,cow,корова,Керашева 1957: 223,"Керашева З. И. (1957) Особенности шапсугского диалекта адыгейского языка, Майкоп: Адыгейское книжное издательство."
100,Bzhedugh,t͡ɕ,ч,t͡ɕɐmə,cow,корова,Ситимова 2004: 29,Ситимова С. С. (2004) Особенности бжедугского диалекта адыгейского языка. Диссертация. Майкоп: Адыгейский государственный университет
101,Shapsugh,t͡ɕ,ч,t͡ɕɐmə,cow,корова,Керашева 1957: 324,"Керашева З. И. (1957) Особенности шапсугского диалекта адыгейского языка, Майкоп: Адыгейское книжное издательство."
102,st_EC,ʑ,жь,ʑɐm,cow,корова,Керашева 1957: 223,"Керашева З. И. (1957) Особенности шапсугского диалекта адыгейского языка, Майкоп: Адыгейское книжное издательство."
103,st_WC,t͡ɕ,ч,t͡ɕɐmə,cow,корова,Керашева 1957: 223,"Керашева З. И. (1957) Особенности шапсугского диалекта адыгейского языка, Майкоп: Адыгейское книжное издательство."
104,Bzhedugh,pχʷ,пхъу,pχʷə,daughter,дочь,Ситимова 2004: 219,Ситимова С. С. (2004) Особенности бжедугского диалекта адыгейского языка. Диссертация. Майкоп: Адыгейский государственный университет
105,Shapsugh,pχ,пхъ,pχə,daughter,дочь,Керашева 1957: 237,"Керашева З. И. (1957) Особенности шапсугского диалекта адыгейского языка, Майкоп: Адыгейское книжное издательство."
106,st_EC,pχʷ,пхъу,pχʷə,daughter,дочь,Керашева 1957: 237,"Керашева З. И. (1957) Особенности шапсугского диалекта адыгейского языка, Майкоп: Адыгейское книжное издательство."
107,st_WC,pχʷ,пхъу,pχʷə,daughter,дочь,Керашева 1957: 237,"Керашева З. И. (1957) Особенности шапсугского диалекта адыгейского языка, Майкоп: Адыгейское книжное издательство."
108,Bzhedugh,t͡ʃ’,чI,t͡ʃ’əfɐ,debt,долг,Ситимова 2004: 23,Ситимова С. С. (2004) Особенности бжедугского диалекта адыгейского языка. Диссертация. Майкоп: Адыгейский государственный университет
109,Shapsugh,t͡ɕ’,чI,t͡ɕ’əfɐ,debt,долг,Керашева 1957: 219,"Керашева З. И. (1957) Особенности шапсугского диалекта адыгейского языка, Майкоп: Адыгейское книжное издательство."
110,st_EC,ŝ’,щI,ŝ’əxʷɐ,debt,долг,словарь,словарь
111,st_WC,t͡ʃ’,чIъ,t͡ʃ’əfɐ,debt,долг,Керашева 1957: 219,"Керашева З. И. (1957) Особенности шапсугского диалекта адыгейского языка, Майкоп: Адыгейское книжное издательство."
112,Abadzekh,ʃ,ш,pʰʃɐ,door,дверь,Керашева 1957: 223,"Керашева З. И. (1957) Особенности шапсугского диалекта адыгейского языка, Майкоп: Адыгейское книжное издательство."
113,Bzhedugh,t͡ʃ,чъ,pʰt͡ʃɐ,door,дверь,Ситимова 2004: 232,Ситимова С. С. (2004) Особенности бжедугского диалекта адыгейского языка. Диссертация. Майкоп: Адыгейский государственный университет
114,st_EC,ʑ,жь,bʑɐ,door,дверь,Керашева 1957: 223,"Керашева З. И. (1957) Особенности шапсугского диалекта адыгейского языка, Майкоп: Адыгейское книжное издательство."
115,st_WC,t͡ʃ,чъ,pʰt͡ʃɐ,door,дверь,Керашева 1957: 223,"Керашева З. И. (1957) Особенности шапсугского диалекта адыгейского языка, Майкоп: Адыгейское книжное издательство."
116,Shapsugh,kʲ,кь,d͡ʑambɐt͡ɕəj,Dzhambechi,Джамбечи,Керашева 1957: 220,"Керашева З. И. (1957) Особенности шапсугского диалекта адыгейского языка, Майкоп: Адыгейское книжное издательство."
117,st_WC,t͡ɕ,ч,d͡ʑambɐkʲəj,Dzhambechi,Джамбечи,Керашева 1957: 220,"Керашева З. И. (1957) Особенности шапсугского диалекта адыгейского языка, Майкоп: Адыгейское книжное издательство."
118,Abadzekh,ʃ’,шIъ,ʃ’əɡʷ,earth,земля,Кумахова 1972: 17,Кумахова З. Ю. (1972) Абадзехский диалект и его место среди других адыгских диалектов
119,Bzhedugh,t͡ʃ’,чI,t͡ʃ’əɡʷə,earth,земля,Ситимова 2004: 23,Ситимова С. С. (2004) Особенности бжедугского диалекта адыгейского языка. Диссертация. Майкоп: Адыгейский государственный университет
120,Shapsugh,t͡ɕ’,чI,t͡ɕ’əɡʷə,earth,земля,Керашева 1957: 219,"Керашева З. И. (1957) Особенности шапсугского диалекта адыгейского языка, Майкоп: Адыгейское книжное издательство."
121,st_EC,ŝ’,шI,ŝ’əɡʷ,earth,земля,Керашева 1957: 222,"Керашева З. И. (1957) Особенности шапсугского диалекта адыгейского языка, Майкоп: Адыгейское книжное издательство."
122,st_WC,t͡ʃ’,чIъ,t͡ʃ’əɡʷ,earth,земля,Керашева 1957: 219,"Керашева З. И. (1957) Особенности шапсугского диалекта адыгейского языка, Майкоп: Адыгейское книжное издательство."
123,Bzhedugh,t͡ɕ’,кI,t͡ɕ’at͡ɕ’ɐ,egg,яйцо,Ситимова 2004: 124,Ситимова С. С. (2004) Особенности бжедугского диалекта адыгейского языка. Диссертация. Майкоп: Адыгейский государственный университет
124,Shapsugh,kʲ’,кIь,kʲ’akʲ’ɐ,egg,яйцо,Керашева 1957: 220,"Керашева З. И. (1957) Особенности шапсугского диалекта адыгейского языка, Майкоп: Адыгейское книжное издательство."
125,st_WC,t͡ɕ’,чI,t͡ɕ’ant͡ɕ’ɐ,egg,яйцо,Керашева 1957: 220,"Керашева З. И. (1957) Особенности шапсугского диалекта адыгейского языка, Майкоп: Адыгейское книжное издательство."
126,Bzhedugh,t͡ɕ’,кI,t͡ɕ’ant͡ɕ’ɐ,egg 2,яйцо 2,Ситимова 2004: 124,Ситимова С. С. (2004) Особенности бжедугского диалекта адыгейского языка. Диссертация. Майкоп: Адыгейский государственный университет
127,Shapsugh,kʲ’,кIь,kʲ’akʲ’ɐ,egg 2,яйцо 2,Керашева 1957: 239,"Керашева З. И. (1957) Особенности шапсугского диалекта адыгейского языка, Майкоп: Адыгейское книжное издательство."
128,st_WC,nt͡ɕ’,нчI,t͡ɕ’ant͡ɕ’ɐ,egg 2,яйцо 2,Керашева 1957: 239,"Керашева З. И. (1957) Особенности шапсугского диалекта адыгейского языка, Майкоп: Адыгейское книжное издательство."
129,Bzhedugh,t,т,tə,father,отец,Ситимова 2004: 37,Ситимова С. С. (2004) Особенности бжедугского диалекта адыгейского языка. Диссертация. Майкоп: Адыгейский государственный университет
130,st_EC,d,д,adɐ,father,отец,словарь,словарь
131,st_WC,tʰ,т,tʰə,father,отец,Ситимова 2004: 37,Ситимова С. С. (2004) Особенности бжедугского диалекта адыгейского языка. Диссертация. Майкоп: Адыгейский государственный университет
132,Bzhedugh,bʁ,бгъ,ɡʷəbʁɐ,field,поле,Ситимова 2004: 125,Ситимова С. С. (2004) Особенности бжедугского диалекта адыгейского языка. Диссертация. Майкоп: Адыгейский государственный университет
133,Shapsugh,bʁ,бгъ,ɡʷəbʁɐ,field,поле,Керашева 1957: 238,"Керашева З. И. (1957) Особенности шапсугского диалекта адыгейского языка, Майкоп: Адыгейское книжное издательство."
134,st_EC,bʁʷ,бгъу,ɡʷəbʁʷɐ,field,поле,Керашева 1957: 238,"Керашева З. И. (1957) Особенности шапсугского диалекта адыгейского языка, Майкоп: Адыгейское книжное издательство."
135,st_WC,bʁʷ,бгъу,ɡʷəbʁʷ,field,поле,Керашева 1957: 238,"Керашева З. И. (1957) Особенности шапсугского диалекта адыгейского языка, Майкоп: Адыгейское книжное издательство."
136,Shapsugh,p,пп,pt͡sːɐẑəj,fish,рыба,Керашева 1957: 217,"Керашева З. И. (1957) Особенности шапсугского диалекта адыгейского языка, Майкоп: Адыгейское книжное издательство."
137,st_EC,b,б,bd͡zɐẑɐj,fish,рыба,Керашева 1957: 217,"Керашева З. И. (1957) Особенности шапсугского диалекта адыгейского языка, Майкоп: Адыгейское книжное издательство."
138,st_WC,pʰ,п,pʰt͡sɐẑəj,fish,рыба,Керашева 1957: 217,"Керашева З. И. (1957) Особенности шапсугского диалекта адыгейского языка, Майкоп: Адыгейское книжное издательство."
139,Shapsugh,t͡sː,цц,pt͡sːɐẑəj,fish 2,рыба 2,Керашева 1957: 217,"Керашева З. И. (1957) Особенности шапсугского диалекта адыгейского языка, Майкоп: Адыгейское книжное издательство."
140,st_EC,d͡z,дз,bd͡zɐẑɐj,fish 2,рыба 2,Керашева 1957: 217,"Керашева З. И. (1957) Особенности шапсугского диалекта адыгейского языка, Майкоп: Адыгейское книжное издательство."
141,st_WC,t͡s,ц,pʰt͡sɐẑəj,fish 2,рыба 2,Керашева 1957: 217,"Керашева З. И. (1957) Особенности шапсугского диалекта адыгейского языка, Майкоп: Адыгейское книжное издательство."
142,Shapsugh,tʰ,т,pt͡sɐqɐtf,fishing rod,удочка,Керашева 1957: 238,"Керашева З. И. (1957) Особенности шапсугского диалекта адыгейского языка, Майкоп: Адыгейское книжное издательство."
143,st_EC,ntʰ,нт,bdzɐqʷəntx,fishing rod,удочка,Керашева 1957: 238,"Керашева З. И. (1957) Особенности шапсугского диалекта адыгейского языка, Майкоп: Адыгейское книжное издательство."
144,st_WC,ntʰ,нт,pt͡sɐqɐntf,fishing rod,удочка,Керашева 1957: 238,"Керашева З. И. (1957) Особенности шапсугского диалекта адыгейского языка, Майкоп: Адыгейское книжное издательство."
145,Shapsugh,ɕ,щ,ɕəʁʷəpɕɐʑəʁ,forget-pst,забыть-pst,Керашева 1957: 219,"Керашева З. И. (1957) Особенности шапсугского диалекта адыгейского языка, Майкоп: Адыгейское книжное издательство."
146,st_WC,ʃ,ш,ɕəʁʷəpʃɐʑəʁ,forget-pst,забыть-pst,Керашева 1957: 219,"Керашева З. И. (1957) Особенности шапсугского диалекта адыгейского языка, Майкоп: Адыгейское книжное издательство."
147,Bzhedugh,t͡sʰ,цh,t͡sʰat͡sʰɐ,fork,вилка,Ситимова 2004: 37,Ситимова С. С. (2004) Особенности бжедугского диалекта адыгейского языка. Диссертация. Майкоп: Адыгейский государственный университет
148,st_EC,t͡s,ц,t͡sat͡sɐ,fork,вилка,словарь,словарь
149,st_WC,t͡s,ц,t͡sat͡sɐ,fork,вилка,словарь,словарь
150,Abadzekh,ʑ,жь,baʑɐ,fox,лиса,Керашева 1957: 222,"Керашева З. И. (1957) Особенности шапсугского диалекта адыгейского языка, Майкоп: Адыгейское книжное издательство."
151,Shapsugh,d͡ʑ,дж,bad͡ʑɐ,fox,лиса,Керашева 1957: 222,"Керашева З. И. (1957) Особенности шапсугского диалекта адыгейского языка, Майкоп: Адыгейское книжное издательство."
152,st_EC,ʑ,жь,baʑɐ,fox,лиса,Керашева 1957: 222,"Керашева З. И. (1957) Особенности шапсугского диалекта адыгейского языка, Майкоп: Адыгейское книжное издательство."
153,st_WC,d͡ʑ,дж,bad͡ʑɐ,fox,лиса,Керашева 1957: 222,"Керашева З. И. (1957) Особенности шапсугского диалекта адыгейского языка, Майкоп: Адыгейское книжное издательство."
154,Shapsugh,t͡ɕ,ч,t͡ɕədəbʑə,furnace,горн,Керашева 1957: 224,"Керашева З. И. (1957) Особенности шапсугского диалекта адыгейского языка, Майкоп: Адыгейское книжное издательство."
155,st_EC,ɕ,щ,ɕədəbʑ,furnace,горн,Керашева 1957: 224,"Керашева З. И. (1957) Особенности шапсугского диалекта адыгейского языка, Майкоп: Адыгейское книжное издательство."
156,st_WC,ɕ,щ,ɕədəbʑə,furnace,горн,Керашева 1957: 224,"Керашева З. И. (1957) Особенности шапсугского диалекта адыгейского языка, Майкоп: Адыгейское книжное издательство."
157,Bzhedugh,tʰ,т,tʰən,give a present,дарить,Ситимова 2004: 42,Ситимова С. С. (2004) Особенности бжедугского диалекта адыгейского языка. Диссертация. Майкоп: Адыгейский государственный университет
158,Shapsugh,tʰ,т,tʰɐn,give a present,дарить,Керашева 1957: 218,"Керашева З. И. (1957) Особенности шапсугского диалекта адыгейского языка, Майкоп: Адыгейское книжное издательство."
159,st_EC,tʰ,т,tʰɐn,give a present,дарить,Керашева 1957: 218,"Керашева З. И. (1957) Особенности шапсугского диалекта адыгейского языка, Майкоп: Адыгейское книжное издательство."
160,st_WC,tʰ,т,tʰɐn,give a present,дарить,Керашева 1957: 218,"Керашева З. И. (1957) Особенности шапсугского диалекта адыгейского языка, Майкоп: Адыгейское книжное издательство."
161,Shapsugh,ɕ,ш’,ɕajwət͡s,grass for Kalmyk tea,трава для калмыцкого чая,Керашева 1957: 219,"Керашева З. И. (1957) Особенности шапсугского диалекта адыгейского языка, Майкоп: Адыгейское книжное издательство."
162,st_WC,ɕ,щ,ɕajwət͡s,grass for Kalmyk tea,трава для калмыцкого чая,Керашева 1957: 219,"Керашева З. И. (1957) Особенности шапсугского диалекта адыгейского языка, Майкоп: Адыгейское книжное издательство."
163,Bzhedugh,ʃk,шк,ʃkʷɐt͡ɕ,gun,ружьё,Керашева 1957: 229,"Керашева З. И. (1957) Особенности шапсугского диалекта адыгейского языка, Майкоп: Адыгейское книжное издательство."
164,Shapsugh,f,ф,fʷɐkʲ,gun,ружьё,Керашева 1957: 229,"Керашева З. И. (1957) Особенности шапсугского диалекта адыгейского языка, Майкоп: Адыгейское книжное издательство."
165,st_EC,f,шх,fot͡ɕ,gun,ружьё,Керашева 1957: 229,"Керашева З. И. (1957) Особенности шапсугского диалекта адыгейского языка, Майкоп: Адыгейское книжное издательство."
166,st_WC,ʃx,шх,ʃxʷɐnt͡ɕ,gun,ружьё,Керашева 1957: 229,"Керашева З. И. (1957) Особенности шапсугского диалекта адыгейского языка, Майкоп: Адыгейское книжное издательство."
167,Bzhedugh,t͡ɕʰ,чh,d͡ʑɐt͡ɕʰ,haricot,фасоль,Ситимова 2004: 207,Ситимова С. С. (2004) Особенности бжедугского диалекта адыгейского языка. Диссертация. Майкоп: Адыгейский государственный университет
168,Shapsugh,t͡ɕ,ч,ɡʲat͡ɕ,haricot,фасоль,Керашева 1957: 239,"Керашева З. И. (1957) Особенности шапсугского диалекта адыгейского языка, Майкоп: Адыгейское книжное издательство."
169,st_EC,ɕ,щ,d͡ʑɐɕ,haricot,фасоль,Керашева 1957: 239,"Керашева З. И. (1957) Особенности шапсугского диалекта адыгейского языка, Майкоп: Адыгейское книжное издательство."
170,st_WC,nt͡ɕ,нч,d͡ʑɐnt͡ɕə,haricot,фасоль,Керашева 1957: 239,"Керашева З. И. (1957) Особенности шапсугского диалекта адыгейского языка, Майкоп: Адыгейское книжное издательство."
171,Shapsugh,t͡ɕ,ч,pʰt͡ɕənaw,harmonist,гармонист,Керашева 1957: 224,"Керашева З. И. (1957) Особенности шапсугского диалекта адыгейского языка, Майкоп: Адыгейское книжное издательство."
172,st_EC,ɕ,щ,pʰɕənaw,harmonist,гармонист,Керашева 1957: 224,"Керашева З. И. (1957) Особенности шапсугского диалекта адыгейского языка, Майкоп: Адыгейское книжное издательство."
173,st_WC,ɕ,щ,pʰɕənaw,harmonist,гармонист,Керашева 1957: 224,"Керашева З. И. (1957) Особенности шапсугского диалекта адыгейского языка, Майкоп: Адыгейское книжное издательство."
174,Abadzekh,ʃ,ш,ʃə,horse,лошадь,Кумахова 1972: 17,Кумахова З. Ю. (1972) Абадзехский диалект и его место среди других адыгских диалектов
175,Bzhedugh,ʃ,ш,ʃə,horse,лошадь,Ситимова 2004: 38,Ситимова С. С. (2004) Особенности бжедугского диалекта адыгейского языка. Диссертация. Майкоп: Адыгейский государственный университет
176,Shapsugh,t͡ɕ,ч,t͡ɕə,horse,лошадь,Керашева 1957: 225,"Керашева З. И. (1957) Особенности шапсугского диалекта адыгейского языка, Майкоп: Адыгейское книжное издательство."
177,st_EC,ɕ,ш,ɕə,horse,лошадь,словарь,словарь
178,st_WC,ʃ,ш,ʃə,horse,лошадь,Ситимова 2004: 38,Ситимова С. С. (2004) Особенности бжедугского диалекта адыгейского языка. Диссертация. Майкоп: Адыгейский государственный университет
179,Shapsugh,ɡʲ,гь,zɐɡʲɐm,immediately,сразу,Керашева 1957: 220,"Керашева З. И. (1957) Особенности шапсугского диалекта адыгейского языка, Майкоп: Адыгейское книжное издательство."
180,Xakuchi,dʲ,д’,zɐdʲɐm,immediately,сразу,Керашева 1957: 220,"Керашева З. И. (1957) Особенности шапсугского диалекта адыгейского языка, Майкоп: Адыгейское книжное издательство."
181,Shapsugh,kʲ’,кIь,sjəpʰɐʁʷɐkʲ’,instead of me,вместо меня,Керашева 1957: 221,"Керашева З. И. (1957) Особенности шапсугского диалекта адыгейского языка, Майкоп: Адыгейское книжное издательство."
182,st_WC,t͡ɕ’,чI,sjəpʰɐʁʷɐt͡ɕ’,instead of me,вместо меня,Керашева 1957: 221,"Керашева З. И. (1957) Особенности шапсугского диалекта адыгейского языка, Майкоп: Адыгейское книжное издательство."
183,Xakuchi,tʲ’,тI’,sjəpʰɐʁʷɐtʲ’,instead of me,вместо меня,Керашева 1957: 221,"Керашева З. И. (1957) Особенности шапсугского диалекта адыгейского языка, Майкоп: Адыгейское книжное издательство."
,Abadzekh,ʃ’,шIъ,ʁʷəʃ’ə,iron,железо,Кумахова 1972: 38,Кумахова З. Ю. (1972) Абадзехский диалект и его место среди других адыгских диалектов
184,Shapsugh,t͡ɕ’,чI,ʁʷət͡ɕ’ə,iron,железо,Керашева 1957: 219,"Керашева З. И. (1957) Особенности шапсугского диалекта адыгейского языка, Майкоп: Адыгейское книжное издательство."
,st_EC,ŝ’,щI,ʁʷəŝ’ə,iron,железо,словарь,словарь
185,st_WC,t͡ʃ’,чIъ,ʁʷət͡ʃ’ə,iron,железо,Керашева 1957: 219,"Керашева З. И. (1957) Особенности шапсугского диалекта адыгейского языка, Майкоп: Адыгейское книжное издательство."
186,Bzhedugh,qʰʷ,кхъу,qʰʷɐʃən,jug,кувшин,Керашева 1957: 227,"Керашева З. И. (1957) Особенности шапсугского диалекта адыгейского языка, Майкоп: Адыгейское книжное издательство."
187,Shapsugh,χʷ,хъу,χʷɐɕən,jug,кувшин,Керашева 1957: 227,"Керашева З. И. (1957) Особенности шапсугского диалекта адыгейского языка, Майкоп: Адыгейское книжное издательство."
188,st_EC,q͡χʷ,кхъу,q͡χʷɐɕən,jug,кувшин,Керашева 1957: 227,"Керашева З. И. (1957) Особенности шапсугского диалекта адыгейского языка, Майкоп: Адыгейское книжное издательство."
189,st_WC,qʷ,къу,qʷɐɕən,jug,кувшин,Керашева 1957: 227,"Керашева З. И. (1957) Особенности шапсугского диалекта адыгейского языка, Майкоп: Адыгейское книжное издательство."
190,Abadzekh,ʒ,ж,ɬɐɡʷanʒ,knee,колено,Кумахова 1972: 21,Кумахова З. Ю. (1972) Абадзехский диалект и его место среди других адыгских диалектов
191,Bzhedugh,d͡ʒ,дж,ɬɐɡʷad͡ʒɐ,knee,колено,Ситимова 2004: 27,Ситимова С. С. (2004) Особенности бжедугского диалекта адыгейского языка. Диссертация. Майкоп: Адыгейский государственный университет
192,Shapsugh,d͡ʑ,дж,ɬɐɡʷad͡ʑ,knee,колено,Керашева 1957: 239,"Керашева З. И. (1957) Особенности шапсугского диалекта адыгейского языка, Майкоп: Адыгейское книжное издательство."
193,st_EC,ẑ,жъ,ɬɐɡʷaẑɐ,knee,колено,Керашева 1957: 239,"Керашева З. И. (1957) Особенности шапсугского диалекта адыгейского языка, Майкоп: Адыгейское книжное издательство."
194,st_WC,nd͡ʒ,ндж,ɬɐɡʷand͡ʒ,knee,колено,Керашева 1957: 239,"Керашева З. И. (1957) Особенности шапсугского диалекта адыгейского языка, Майкоп: Адыгейское книжное издательство."
195,Shapsugh,ʑ,ж’,jɐʑɐʑəʁ,leave-pst,отправиться-pst,Керашева 1957: 219,"Керашева З. И. (1957) Особенности шапсугского диалекта адыгейского языка, Майкоп: Адыгейское книжное издательство."
196,st_WC,ʑ,жь,jɐʑɐʑəʁ,leave-pst,отправиться-pst,Керашева 1957: 219,"Керашева З. И. (1957) Особенности шапсугского диалекта адыгейского языка, Майкоп: Адыгейское книжное издательство."
197,Shapsugh,s’,сI,ps’ə,lie,ложь,Керашева 1957: 230,"Керашева З. И. (1957) Особенности шапсугского диалекта адыгейского языка, Майкоп: Адыгейское книжное издательство."
198,st_WC,t͡s’,цI,pt͡s’ə,lie,ложь,Керашева 1957: 230,"Керашева З. И. (1957) Особенности шапсугского диалекта адыгейского языка, Майкоп: Адыгейское книжное издательство."
199,Shapsugh,kʲ,кь,kʲɐtɐn,linen textile,льняное полотно,Керашева 1957: 220,"Керашева З. И. (1957) Особенности шапсугского диалекта адыгейского языка, Майкоп: Адыгейское книжное издательство."
200,st_WC,t͡ɕ,ч,t͡ɕɐtɐn,linen textile,льняное полотно,Керашева 1957: 220,"Керашева З. И. (1957) Особенности шапсугского диалекта адыгейского языка, Майкоп: Адыгейское книжное издательство."
201,Abadzekh,k’,кI,t͡sək’,little,маленький,Керашева 1957: 238,"Керашева З. И. (1957) Особенности шапсугского диалекта адыгейского языка, Майкоп: Адыгейское книжное издательство."
202,Bzhedugh,k’ʷ,кIу,t͡sək’ʷ,little,маленький,Ситимова 2004: 71,Ситимова С. С. (2004) Особенности бжедугского диалекта адыгейского языка. Диссертация. Майкоп: Адыгейский государственный университет
203,Shapsugh,k’,кI,t͡sək’,little,маленький,Керашева 1957: 238,"Керашева З. И. (1957) Особенности шапсугского диалекта адыгейского языка, Майкоп: Адыгейское книжное издательство."
204,st_EC,k’,кI,t͡sək’,little,маленький,Керашева 1957: 238,"Керашева З. И. (1957) Особенности шапсугского диалекта адыгейского языка, Майкоп: Адыгейское книжное издательство."
205,st_WC,k’ʷ,кIу,t͡sək’ʷ,little,маленький,Керашева 1957: 238,"Керашева З. И. (1957) Особенности шапсугского диалекта адыгейского языка, Майкоп: Адыгейское книжное издательство."
206,Bzhedugh,t͡ɕ’,кI,wət͡ɕ’əbz,lock,замок,Ситимова 2004: 231,Ситимова С. С. (2004) Особенности бжедугского диалекта адыгейского языка. Диссертация. Майкоп: Адыгейский государственный университет
207,Shapsugh,kʲ’,кIь,wətkʲ’əbzɐ,lock,замок,Керашева 1957: 230,"Керашева З. И. (1957) Особенности шапсугского диалекта адыгейского языка, Майкоп: Адыгейское книжное издательство."
208,st_EC,t͡ɕ’,чI,wənt͡ɕ’əbz,lock,замок,Керашева 1957: 230,"Керашева З. И. (1957) Особенности шапсугского диалекта адыгейского языка, Майкоп: Адыгейское книжное издательство."
209,st_WC,t͡ɕ’,чI,wənt͡ɕ’əbz,lock,замок,Керашева 1957: 230,"Керашева З. И. (1957) Особенности шапсугского диалекта адыгейского языка, Майкоп: Адыгейское книжное издательство."
210,Bzhedugh,kʰʷ,кhу,kʰʷə,middle,середина,Ситимова 2004: 31,Ситимова С. С. (2004) Особенности бжедугского диалекта адыгейского языка. Диссертация. Майкоп: Адыгейский государственный университет
211,st_EC,kʰʷ,ку,kʰʷə,middle,середина,словарь,словарь
212,st_WC,kʰʷ,ку,kʰʷə,middle,середина,словарь,словарь
213,Abadzekh,ɕ,щ,ɕɐ,milk,молоко,Кумахова 1972: 17,Кумахова З. Ю. (1972) Абадзехский диалект и его место среди других адыгских диалектов
214,Bzhedugh,ɕʰ,щh,ɕʰɐ,milk,молоко,Ситимова 2004: 38,Ситимова С. С. (2004) Особенности бжедугского диалекта адыгейского языка. Диссертация. Майкоп: Адыгейский государственный университет
215,Shapsugh,t͡ɕ,ч,t͡ɕɐ,milk,молоко,Керашева 1957: 225,"Керашева З. И. (1957) Особенности шапсугского диалекта адыгейского языка, Майкоп: Адыгейское книжное издательство."
216,st_EC,ɕ,щ,ɕɐ,milk,молоко,Керашева 1957: 225,"Керашева З. И. (1957) Особенности шапсугского диалекта адыгейского языка, Майкоп: Адыгейское книжное издательство."
217,st_WC,ɕ,щ,ɕɐ,milk,молоко,Керашева 1957: 225,"Керашева З. И. (1957) Особенности шапсугского диалекта адыгейского языка, Майкоп: Адыгейское книжное издательство."
218,Abadzekh,ʑ,жь,pɕɐdəʑ,morning,утро,Кумахова 1972: 31,Кумахова З. Ю. (1972) Абадзехский диалект и его место среди других адыгских диалектов
219,Shapsugh,ʑ,ж’,pt͡ɕɐdəʑ,morning,утро,Керашева 1957: 219,"Керашева З. И. (1957) Особенности шапсугского диалекта адыгейского языка, Майкоп: Адыгейское книжное издательство."
220,st_EC,ẑ,жь,pŝɐdd͡ʑəẑ,morning,утро,словарь,словарь
221,st_WC,ʑ,жь,pt͡ɕɐdəʑ,morning,утро,Керашева 1957: 219,"Керашева З. И. (1957) Особенности шапсугского диалекта адыгейского языка, Майкоп: Адыгейское книжное издательство."
222,Bzhedugh,ɕ,ш’,ɡʷaɕɐ,mother-in-law ,свекровь,Ситимова 2004: 46,Ситимова С. С. (2004) Особенности бжедугского диалекта адыгейского языка. Диссертация. Майкоп: Адыгейский государственный университет
223,Shapsugh,ɕ,ш’,ɡʷaɕɐ,mother-in-law ,свекровь,Керашева 1957: 219,"Керашева З. И. (1957) Особенности шапсугского диалекта адыгейского языка, Майкоп: Адыгейское книжное издательство."
224,st_EC,ŝ,щ,ɡʷaŝɐ,mother-in-law ,свекровь,словарь,словарь
225,st_WC,ɕ,щ,ɡʷaɕɐ,mother-in-law ,свекровь,Керашева 1957: 219,"Керашева З. И. (1957) Особенности шапсугского диалекта адыгейского языка, Майкоп: Адыгейское книжное издательство."
226,Bzhedugh,t͡s,ц,t͡səʁʷɐ,mouse,мышь,Ситимова 2004: 44,Ситимова С. С. (2004) Особенности бжедугского диалекта адыгейского языка. Диссертация. Майкоп: Адыгейский государственный университет
227,Shapsugh,t͡sː,цц,t͡sːəʁʷɐ,mouse,мышь,Керашева 1957: 217,"Керашева З. И. (1957) Особенности шапсугского диалекта адыгейского языка, Майкоп: Адыгейское книжное издательство."
228,st_EC,d͡z,дз,d͡zəʁʷɐ,mouse,мышь,Керашева 1957: 217,"Керашева З. И. (1957) Особенности шапсугского диалекта адыгейского языка, Майкоп: Адыгейское книжное издательство."
229,st_WC,t͡s,ц,t͡səʁʷɐ,mouse,мышь,Керашева 1957: 217,"Керашева З. И. (1957) Особенности шапсугского диалекта адыгейского языка, Майкоп: Адыгейское книжное издательство."
230,Abadzekh,ɕ’,шIь,pʰaɕ’ɐ,moustache,усы,Керашева 1957: 222,"Керашева З. И. (1957) Особенности шапсугского диалекта адыгейского языка, Майкоп: Адыгейское книжное издательство."
231,st_EC,ŝ’,шI,pʰaŝ’ɐ,moustache,усы,Керашева 1957: 222,"Керашева З. И. (1957) Особенности шапсугского диалекта адыгейского языка, Майкоп: Адыгейское книжное издательство."
232,st_WC,t͡ɕ’,шI,pʰat͡ɕ’ɐ,moustache,усы,Керашева 1957: 222,"Керашева З. И. (1957) Особенности шапсугского диалекта адыгейского языка, Майкоп: Адыгейское книжное издательство."
233,Shapsugh,q’ʷ,кIъу,q’ʷə,mouth,рот,Керашева 1957: 228,"Керашева З. И. (1957) Особенности шапсугского диалекта адыгейского языка, Майкоп: Адыгейское книжное издательство."
234,st_EC,ʔʷ,Iу,ʔʷə,mouth,рот,Керашева 1957: 228,"Керашева З. И. (1957) Особенности шапсугского диалекта адыгейского языка, Майкоп: Адыгейское книжное издательство."
235,st_WC,ʔʷ,Iу,ʔʷə,mouth,рот,Керашева 1957: 228,"Керашева З. И. (1957) Особенности шапсугского диалекта адыгейского языка, Майкоп: Адыгейское книжное издательство."
236,Shapsugh,s’,сI,ps’anɐ,naked,голый,Керашева 1957: 230,"Керашева З. И. (1957) Особенности шапсугского диалекта адыгейского языка, Майкоп: Адыгейское книжное издательство."
237,st_WC,t͡s’,цI,pt͡s’anɐ,naked,голый,Керашева 1957: 230,"Керашева З. И. (1957) Особенности шапсугского диалекта адыгейского языка, Майкоп: Адыгейское книжное издательство."
238,Bzhedugh,t͡s’,цI,t͡s’ɐ,name,имя,Ситимова 2004: 50,Ситимова С. С. (2004) Особенности бжедугского диалекта адыгейского языка. Диссертация. Майкоп: Адыгейский государственный университет
239,Shapsugh,s’,сI,s’ɐ,name,имя,Керашева 1957: 230,"Керашева З. И. (1957) Особенности шапсугского диалекта адыгейского языка, Майкоп: Адыгейское книжное издательство."
240,st_WC,t͡s’,цI,t͡s’ɐ,name,имя,Керашева 1957: 230,"Керашева З. И. (1957) Особенности шапсугского диалекта адыгейского языка, Майкоп: Адыгейское книжное издательство."
241,Shapsugh,kʲ’,кIь,ŝ’əkʲ’aj,naughty boy,шалун,Керашева 1957: 220,"Керашева З. И. (1957) Особенности шапсугского диалекта адыгейского языка, Майкоп: Адыгейское книжное издательство."
242,st_WC,t͡ɕ’,чI,ŝ’ət͡ɕaj,naughty boy,шалун,Керашева 1957: 220,"Керашева З. И. (1957) Особенности шапсугского диалекта адыгейского языка, Майкоп: Адыгейское книжное издательство."
243,Shapsugh,bʁ,бгъ,nabʁɐ,nest,гнездо,Керашева 1957: 238,"Керашева З. И. (1957) Особенности шапсугского диалекта адыгейского языка, Майкоп: Адыгейское книжное издательство."
244,st_EC,bʁʷ,бгъу,abʁʷɐ,nest,гнездо,Керашева 1957: 238,"Керашева З. И. (1957) Особенности шапсугского диалекта адыгейского языка, Майкоп: Адыгейское книжное издательство."
245,st_WC,bʁʷ,бгъу,nabʁʷɐ,nest,гнездо,Керашева 1957: 238,"Керашева З. И. (1957) Особенности шапсугского диалекта адыгейского языка, Майкоп: Адыгейское книжное издательство."
246,Bzhedugh,ʃ,ш,pʃɐsɐn,nettle,крапива,Ситимова 2004: 219,Ситимова С. С. (2004) Особенности бжедугского диалекта адыгейского языка. Диссертация. Майкоп: Адыгейский государственный университет
247,Shapsugh,t͡ɕ,ч,t͡ɕɐpsan,nettle,крапива,Керашева 1957: 225,"Керашева З. И. (1957) Особенности шапсугского диалекта адыгейского языка, Майкоп: Адыгейское книжное издательство."
248,st_EC,ɕ,щ,ɕəpsanɐ,nettle,крапива,Керашева 1957: 225,"Керашева З. И. (1957) Особенности шапсугского диалекта адыгейского языка, Майкоп: Адыгейское книжное издательство."
249,st_WC,ɕ,щ,pʰɕɐsɐnə,nettle,крапива,Керашева 1957: 225,"Керашева З. И. (1957) Особенности шапсугского диалекта адыгейского языка, Майкоп: Адыгейское книжное издательство."
250,Bzhedugh,t͡ɕ,ч,t͡ɕɐɕ,night,ночь,Ситимова 2004: 239,Ситимова С. С. (2004) Особенности бжедугского диалекта адыгейского языка. Диссертация. Майкоп: Адыгейский государственный университет
251,Shapsugh,t͡ɕ,ч,t͡ɕɐɕə,night,ночь,Керашева 1957: 222,"Керашева З. И. (1957) Особенности шапсугского диалекта адыгейского языка, Майкоп: Адыгейское книжное издательство."
252,st_EC,ʑ,жь,ʑɐɕ,night,ночь,Керашева 1957: 222,"Керашева З. И. (1957) Особенности шапсугского диалекта адыгейского языка, Майкоп: Адыгейское книжное издательство."
253,st_WC,t͡ɕ,ч,t͡ɕɐɕ,night,ночь,Керашева 1957: 222,"Керашева З. И. (1957) Особенности шапсугского диалекта адыгейского языка, Майкоп: Адыгейское книжное издательство."
254,Bzhedugh,pʰ,п,pʰɐ,nose,нос,Ситимова 2004: 42,Ситимова С. С. (2004) Особенности бжедугского диалекта адыгейского языка. Диссертация. Майкоп: Адыгейский государственный университет
255,Shapsugh,pʰ,п,pʰɐ,nose,нос,Керашева 1957: 218,"Керашева З. И. (1957) Особенности шапсугского диалекта адыгейского языка, Майкоп: Адыгейское книжное издательство."
256,st_EC,pʰ,п,pʰɐ,nose,нос,Керашева 1957: 218,"Керашева З. И. (1957) Особенности шапсугского диалекта адыгейского языка, Майкоп: Адыгейское книжное издательство."
257,st_WC,pʰ,п,pʰɐ,nose,нос,Керашева 1957: 218,"Керашева З. И. (1957) Особенности шапсугского диалекта адыгейского языка, Майкоп: Адыгейское книжное издательство."
258,Shapsugh,ʑ,ж’,bʑənə,onion,лук,Керашева 1957: 219,"Керашева З. И. (1957) Особенности шапсугского диалекта адыгейского языка, Майкоп: Адыгейское книжное издательство."
259,st_WC,ʑ,жь,bʑənə,onion,лук,Керашева 1957: 219,"Керашева З. И. (1957) Особенности шапсугского диалекта адыгейского языка, Майкоп: Адыгейское книжное издательство."
260,Shapsugh,t͡ɕ,ч,ɕəbʑəj,pepper,перец,Керашева 1957: 225,"Керашева З. И. (1957) Особенности шапсугского диалекта адыгейского языка, Майкоп: Адыгейское книжное издательство."
261,st_EC,ɕ,щ,ɕəbʑəj,pepper,перец,Керашева 1957: 225,"Керашева З. И. (1957) Особенности шапсугского диалекта адыгейского языка, Майкоп: Адыгейское книжное издательство."
262,st_WC,ɕ,щ,ɕəbʑəj,pepper,перец,Керашева 1957: 225,"Керашева З. И. (1957) Особенности шапсугского диалекта адыгейского языка, Майкоп: Адыгейское книжное издательство."
263,Bzhedugh,qʰʷ,кхъу,qʰʷɐ,pig,свинья,Керашева 1957: 227,"Керашева З. И. (1957) Особенности шапсугского диалекта адыгейского языка, Майкоп: Адыгейское книжное издательство."
264,Shapsugh,χʷ,хъу,χʷɐ,pig,свинья,Керашева 1957: 227,"Керашева З. И. (1957) Особенности шапсугского диалекта адыгейского языка, Майкоп: Адыгейское книжное издательство."
265,st_EC,q͡χʷ,кхъу,q͡χʷɐ,pig,свинья,Керашева 1957: 227,"Керашева З. И. (1957) Особенности шапсугского диалекта адыгейского языка, Майкоп: Адыгейское книжное издательство."
266,st_WC,qʷ,къу,qʷɐ,pig,свинья,Керашева 1957: 227,"Керашева З. И. (1957) Особенности шапсугского диалекта адыгейского языка, Майкоп: Адыгейское книжное издательство."
267,Bzhedugh,ɕʰ,щh,qʰʷɐɕʰər,piglet,поросёнок,Ситимова 2004: 213,Ситимова С. С. (2004) Особенности бжедугского диалекта адыгейского языка. Диссертация. Майкоп: Адыгейский государственный университет
268,Shapsugh,t͡ɕ,ч,ɮɐwt͡ɕər,piglet,поросёнок,Керашева 1957: 224,"Керашева З. И. (1957) Особенности шапсугского диалекта адыгейского языка, Майкоп: Адыгейское книжное издательство."
269,st_EC,ɕ,щ,ɮɐwɕər,piglet,поросёнок,Керашева 1957: 224,"Керашева З. И. (1957) Особенности шапсугского диалекта адыгейского языка, Майкоп: Адыгейское книжное издательство."
270,st_WC,ɕ,щ,ɮɐwɕər,piglet,поросёнок,Керашева 1957: 224,"Керашева З. И. (1957) Особенности шапсугского диалекта адыгейского языка, Майкоп: Адыгейское книжное издательство."
271,Shapsugh,ɕ,щ,pχɐʔaɕɐ,plough,плуг,Керашева 1957: 219,"Керашева З. И. (1957) Особенности шапсугского диалекта адыгейского языка, Майкоп: Адыгейское книжное издательство."
272,st_WC,ʃ,ш,pχɐʔaʃɐ,plough,плуг,Керашева 1957: 219,"Керашева З. И. (1957) Особенности шапсугского диалекта адыгейского языка, Майкоп: Адыгейское книжное издательство."
273,Abadzekh,t͡ɕ’,кI,tħamət͡ɕ’,poor,бедный,Кумахова 1972: 16,Кумахова З. Ю. (1972) Абадзехский диалект и его место среди других адыгских диалектов
274,Shapsugh,ɕkʲ’,щкIь,tħaməɕkʲ’ɐ,poor,бедный,Керашева 1957: 230,"Керашева З. И. (1957) Особенности шапсугского диалекта адыгейского языка, Майкоп: Адыгейское книжное издательство."
275,st_EC,ŝt͡ɕ’,шъчI,tħɐməŝt͡ɕ’ɐ,poor,бедный,Керашева 1957: 230,"Керашева З. И. (1957) Особенности шапсугского диалекта адыгейского языка, Майкоп: Адыгейское книжное издательство."
276,st_WC,t͡ɕ’,чI,tħamət͡ɕ’ɐ,poor,бедный,Керашева 1957: 230,"Керашева З. И. (1957) Особенности шапсугского диалекта адыгейского языка, Майкоп: Адыгейское книжное издательство."
277,Shapsugh,q’ʷ,кIъу,ɬɐq’ʷə,request,просьба,Керашева 1957: 228,"Керашева З. И. (1957) Особенности шапсугского диалекта адыгейского языка, Майкоп: Адыгейское книжное издательство."
278,st_EC,ʔʷ,Iу,ɬɐʔʷə,request,просьба,Керашева 1957: 228,"Керашева З. И. (1957) Особенности шапсугского диалекта адыгейского языка, Майкоп: Адыгейское книжное издательство."
279,st_WC,ʔʷ,Iу,ɬɐʔʷə,request,просьба,Керашева 1957: 228,"Керашева З. И. (1957) Особенности шапсугского диалекта адыгейского языка, Майкоп: Адыгейское книжное издательство."
280,Shapsugh,ŝχ,шъхъ,naŝχɐj,sad,грустный,Керашева 1957: 231,"Керашева З. И. (1957) Особенности шапсугского диалекта адыгейского языка, Майкоп: Адыгейское книжное издательство."
281,st_EC,ŝχ,шъхъ,naŝχɐj,sad,грустный,Керашева 1957: 231,"Керашева З. И. (1957) Особенности шапсугского диалекта адыгейского языка, Майкоп: Адыгейское книжное издательство."
282,st_WC,ʃχ,шхъ,naʃχɐj,sad,грустный,Керашева 1957: 231,"Керашева З. И. (1957) Особенности шапсугского диалекта адыгейского языка, Майкоп: Адыгейское книжное издательство."
283,Bzhedugh,ɕʰ,щh,ɕʰəʁʷ,salt,соль,Ситимова 2004: 229,Ситимова С. С. (2004) Особенности бжедугского диалекта адыгейского языка. Диссертация. Майкоп: Адыгейский государственный университет
284,Shapsugh,t͡ɕ,ч,t͡ɕəʁʷə,salt,соль,Керашева 1957: 225,"Керашева З. И. (1957) Особенности шапсугского диалекта адыгейского языка, Майкоп: Адыгейское книжное издательство."
285,st_EC,ɕ,щ,ɕəʁʷ,salt,соль,Керашева 1957: 225,"Керашева З. И. (1957) Особенности шапсугского диалекта адыгейского языка, Майкоп: Адыгейское книжное издательство."
286,st_WC,ɕ,щ,ɕəʁʷ,salt,соль,Керашева 1957: 225,"Керашева З. И. (1957) Особенности шапсугского диалекта адыгейского языка, Майкоп: Адыгейское книжное издательство."
287,Bzhedugh,ɕʰ,щh,ɕʰəpsə,sauce,соус,Ситимова 2004: 229,Ситимова С. С. (2004) Особенности бжедугского диалекта адыгейского языка. Диссертация. Майкоп: Адыгейский государственный университет
288,Shapsugh,t͡ɕ,ч,t͡ɕəpsə,sauce,соус,Керашева 1957: 225,"Керашева З. И. (1957) Особенности шапсугского диалекта адыгейского языка, Майкоп: Адыгейское книжное издательство."
289,st_EC,ɕ,щ,ɕəps,sauce,соус,Керашева 1957: 225,"Керашева З. И. (1957) Особенности шапсугского диалекта адыгейского языка, Майкоп: Адыгейское книжное издательство."
290,st_WC,ɕ,щ,ɕəpsə,sauce,соус,Керашева 1957: 225,"Керашева З. И. (1957) Особенности шапсугского диалекта адыгейского языка, Майкоп: Адыгейское книжное издательство."
291,Shapsugh,t͡ɕ,ч,t͡ɕɐmɐɡʲ,scythe,коса,Керашева 1957: 225,"Керашева З. И. (1957) Особенности шапсугского диалекта адыгейского языка, Майкоп: Адыгейское книжное издательство."
292,st_EC,ɕ,щ,ɕɐmɐd͡ʑ,scythe,коса,Керашева 1957: 225,"Керашева З. И. (1957) Особенности шапсугского диалекта адыгейского языка, Майкоп: Адыгейское книжное издательство."
293,st_WC,ɕ,щ,ɕɐmɐd͡ʑ,scythe,коса,Керашева 1957: 225,"Керашева З. И. (1957) Особенности шапсугского диалекта адыгейского языка, Майкоп: Адыгейское книжное издательство."
294,Shapsugh,ɡʲ,гь,t͡ɕɐmɐɡʲ,scythe 2,коса 2,Керашева 1957: 220,"Керашева З. И. (1957) Особенности шапсугского диалекта адыгейского языка, Майкоп: Адыгейское книжное издательство."
295,st_WC,d͡ʑ,дж,ɕɐmɐd͡ʑ,scythe 2,коса 2,Керашева 1957: 220,"Керашева З. И. (1957) Особенности шапсугского диалекта адыгейского языка, Майкоп: Адыгейское книжное издательство."
296,Shapsugh,ɕ,щ,ɕapsəʁ,Shapsugh,шапсуг,Керашева 1957: 219,"Керашева З. И. (1957) Особенности шапсугского диалекта адыгейского языка, Майкоп: Адыгейское книжное издательство."
297,st_WC,ʃ,ш,ʃapsəʁ,Shapsugh,шапсуг,Керашева 1957: 219,"Керашева З. И. (1957) Особенности шапсугского диалекта адыгейского языка, Майкоп: Адыгейское книжное издательство."
298,st_EC,ʑ,жь,ʑan,sharp,острый,Керашева 1957: 222,"Керашева З. И. (1957) Особенности шапсугского диалекта адыгейского языка, Майкоп: Адыгейское книжное издательство."
299,Bzhedugh,d͡ʑ,дж,d͡ʑanɐ,shirt,рубашка,Ситимова 2004: 50,Ситимова С. С. (2004) Особенности бжедугского диалекта адыгейского языка. Диссертация. Майкоп: Адыгейский государственный университет
300,Shapsugh,ɡʲ,гь,ɡʲanɐ,shirt,рубашка,Керашева 1957: 220,"Керашева З. И. (1957) Особенности шапсугского диалекта адыгейского языка, Майкоп: Адыгейское книжное издательство."
301,st_EC,d͡ʑ,дж,d͡ʑan,shirt,рубашка,словарь,словарь
302,st_WC,d͡ʑ,дж,d͡ʑanɐ,shirt,рубашка,Керашева 1957: 220,"Керашева З. И. (1957) Особенности шапсугского диалекта адыгейского языка, Майкоп: Адыгейское книжное издательство."
303,Xakuchi,dʲ,д’,dʲanɐ,shirt,рубашка,Керашева 1957: 220,"Керашева З. И. (1957) Особенности шапсугского диалекта адыгейского языка, Майкоп: Адыгейское книжное издательство."
304,Bzhedugh,qʷ,къу,qʷɐ,son,сын,Ситимова 2004: 37,Ситимова С. С. (2004) Особенности бжедугского диалекта адыгейского языка. Диссертация. Майкоп: Адыгейский государственный университет
305,st_EC,q’ʷ,къу,q’ʷɐ,son,сын,словарь,словарь
306,st_WC,qʷ,къу,qʷɐ,son,сын,словарь,словарь
307,Shapsugh,t͡ɕː,чч,t͡ɕːan,spicy,острый,Керашева 1957: 218,"Керашева З. И. (1957) Особенности шапсугского диалекта адыгейского языка, Майкоп: Адыгейское книжное издательство."
308,st_WC,t͡ɕ,ч,t͡ɕan,spicy,острый,Керашева 1957: 218,"Керашева З. И. (1957) Особенности шапсугского диалекта адыгейского языка, Майкоп: Адыгейское книжное издательство."
309,Bzhedugh,t͡ɕʰ,чh,t͡ɕʰɐ,spleen,селезёнка,Ситимова 2004: 45,Ситимова С. С. (2004) Особенности бжедугского диалекта адыгейского языка. Диссертация. Майкоп: Адыгейский государственный университет
310,st_EC,t͡ɕ,ч,t͡ɕɐ,spleen,селезёнка,Ситимова 2004: 45,Ситимова С. С. (2004) Особенности бжедугского диалекта адыгейского языка. Диссертация. Майкоп: Адыгейский государственный университет
311,st_WC,t͡ɕ,ч,t͡ɕɐ,spleen,селезёнка,Ситимова 2004: 45,Ситимова С. С. (2004) Особенности бжедугского диалекта адыгейского языка. Диссертация. Майкоп: Адыгейский государственный университет
312,Shapsugh,t͡ŝ’ʷ,цIу,xant͡ŝ’ʷə,stack,скирд,Керашева 1957: 225,"Керашева З. И. (1957) Особенности шапсугского диалекта адыгейского языка, Майкоп: Адыгейское книжное издательство."
313,st_WC,d͡ẑʷ,дзу,xand͡ẑʷə,stack,скирд,Керашева 1957: 225,"Керашева З. И. (1957) Особенности шапсугского диалекта адыгейского языка, Майкоп: Адыгейское книжное издательство."
314,Shapsugh,ɡʲ,гь,qɐtʰɐɡʲəʁ,stand_up-pst,встать-pst,Керашева 1957: 220,"Керашева З. И. (1957) Особенности шапсугского диалекта адыгейского языка, Майкоп: Адыгейское книжное издательство."
315,st_WC,d͡ʑ,дж,qɐtʰɐd͡ʑəʁ,stand_up-pst,встать-pst,Керашева 1957: 220,"Керашева З. И. (1957) Особенности шапсугского диалекта адыгейского языка, Майкоп: Адыгейское книжное издательство."
316,Xakuchi,dʲ,д’,qɐtʰɐdʲəʁ,stand_up-pst,встать-pst,Керашева 1957: 220,"Керашева З. И. (1957) Особенности шапсугского диалекта адыгейского языка, Майкоп: Адыгейское книжное издательство."
317,Shapsugh,ɕ,ш’,ɕət,stands,стои́т,Керашева 1957: 219,"Керашева З. И. (1957) Особенности шапсугского диалекта адыгейского языка, Майкоп: Адыгейское книжное издательство."
318,st_WC,ɕ,щ,ɕət,stands,стои́т,Керашева 1957: 219,"Керашева З. И. (1957) Особенности шапсугского диалекта адыгейского языка, Майкоп: Адыгейское книжное издательство."
319,Shapsugh,ɡʲ,гь,wəɡʲəbɐɕ,stick decorated with nuts,"палка, украшенная орехами",Керашева 1957: 220,"Керашева З. И. (1957) Особенности шапсугского диалекта адыгейского языка, Майкоп: Адыгейское книжное издательство."
320,st_WC,d͡ʑ,дж,wəd͡ʑəbɐɕ,stick decorated with nuts,"палка, украшенная орехами",Керашева 1957: 220,"Керашева З. И. (1957) Особенности шапсугского диалекта адыгейского языка, Майкоп: Адыгейское книжное издательство."
321,Bzhedugh,p,п,pətɐ,strong,крепкий,Ситимова 2004: 42,Ситимова С. С. (2004) Особенности бжедугского диалекта адыгейского языка. Диссертация. Майкоп: Адыгейский государственный университет
322,Shapsugh,p,пп,pətɐ,strong,крепкий,Керашева 1957: 217,"Керашева З. И. (1957) Особенности шапсугского диалекта адыгейского языка, Майкоп: Адыгейское книжное издательство."
323,st_EC,b,б,bədɐ,strong,крепкий,Керашева 1957: 217,"Керашева З. И. (1957) Особенности шапсугского диалекта адыгейского языка, Майкоп: Адыгейское книжное издательство."
324,st_WC,pʰ,п,pʰətʰɐ,strong,крепкий,Керашева 1957: 217,"Керашева З. И. (1957) Особенности шапсугского диалекта адыгейского языка, Майкоп: Адыгейское книжное издательство."
325,Bzhedugh,t,т,pətɐ,strong 2,крепкий 2,Ситимова 2004: 42,Ситимова С. С. (2004) Особенности бжедугского диалекта адыгейского языка. Диссертация. Майкоп: Адыгейский государственный университет
326,Shapsugh,t,тт,pətɐ,strong 2,крепкий 2,Керашева 1957: 217,"Керашева З. И. (1957) Особенности шапсугского диалекта адыгейского языка, Майкоп: Адыгейское книжное издательство."
327,st_EC,d,д,bədɐ,strong 2,крепкий 2,Керашева 1957: 217,"Керашева З. И. (1957) Особенности шапсугского диалекта адыгейского языка, Майкоп: Адыгейское книжное издательство."
328,st_WC,tʰ,т,pʰətʰɐ,strong 2,крепкий 2,Керашева 1957: 217,"Керашева З. И. (1957) Особенности шапсугского диалекта адыгейского языка, Майкоп: Адыгейское книжное издательство."
329,Bzhedugh,ʃχʷ,шхъу,pt͡s’aʃχʷ,swallow,ласточка,Керашева 1957: 231,"Керашева З. И. (1957) Особенности шапсугского диалекта адыгейского языка, Майкоп: Адыгейское книжное издательство."
330,Shapsugh,ŝχʷ,шъхъу,ps’aŝχʷə,swallow,ласточка,Керашева 1957: 231,"Керашева З. И. (1957) Особенности шапсугского диалекта адыгейского языка, Майкоп: Адыгейское книжное издательство."
331,st_EC,ŝχʷ,шъхъу,pt͡s’aʃχʷɐ,swallow,ласточка,Керашева 1957: 231,"Керашева З. И. (1957) Особенности шапсугского диалекта адыгейского языка, Майкоп: Адыгейское книжное издательство."
332,st_WC,ʃχʷ,шхъу,pt͡s’aʃχʷ,swallow,ласточка,Керашева 1957: 231,"Керашева З. И. (1957) Особенности шапсугского диалекта адыгейского языка, Майкоп: Адыгейское книжное издательство."
333,Bzhedugh,t͡ɕ’,кI,njɐwɕəmət͡ɕ’ɐ,the day after tomorrow,послезавтра,Ситимова 2004: 116,Ситимова С. С. (2004) Особенности бжедугского диалекта адыгейского языка. Диссертация. Майкоп: Адыгейский государственный университет
334,Shapsugh,ɕkʲ’,щкIь,njɐwɕəməɕkʲ’,the day after tomorrow,послезавтра,Керашева 1957: 230,"Керашева З. И. (1957) Особенности шапсугского диалекта адыгейского языка, Майкоп: Адыгейское книжное издательство."
335,st_EC,ŝt͡ɕ’,шъчI,pŝɐdjɐjməŝt͡ɕ’ɐ,the day after tomorrow,послезавтра,Керашева 1957: 230,"Керашева З. И. (1957) Особенности шапсугского диалекта адыгейского языка, Майкоп: Адыгейское книжное издательство."
336,st_WC,t͡ɕ’,чI,njɐwɕəmət͡ɕ’,the day after tomorrow,послезавтра,Керашева 1957: 230,"Керашева З. И. (1957) Особенности шапсугского диалекта адыгейского языка, Майкоп: Адыгейское книжное издательство."
337,Bzhedugh,ɕ,щ,ɕə,three,три,Ситимова 2004: 35,Ситимова С. С. (2004) Особенности бжедугского диалекта адыгейского языка. Диссертация. Майкоп: Адыгейский государственный университет
338,Shapsugh,ɕ,щ,ɕə,three,три,Керашева 1957: 255,"Керашева З. И. (1957) Особенности шапсугского диалекта адыгейского языка, Майкоп: Адыгейское книжное издательство."
339,st_EC,ɕ,щ,ɕə,three,три,словарь,словарь
340,st_WC,ŝ,щ,ŝə,three,три,словарь,словарь
341,Bzhedugh,ɕʰ,щh,ɕʰənɐn,to be afraid,бояться,Ситимова 2004: 35,Ситимова С. С. (2004) Особенности бжедугского диалекта адыгейского языка. Диссертация. Майкоп: Адыгейский государственный университет
342,Shapsugh,t͡ɕ,ч,t͡ɕənɐn,to be afraid,бояться,Керашева 1957: 225,"Керашева З. И. (1957) Особенности шапсугского диалекта адыгейского языка, Майкоп: Адыгейское книжное издательство."
343,st_EC,ɕ,щ,ɕənɐn,to be afraid,бояться,Керашева 1957: 225,"Керашева З. И. (1957) Особенности шапсугского диалекта адыгейского языка, Майкоп: Адыгейское книжное издательство."
344,st_WC,ɕ,щ,ɕənɐn,to be afraid,бояться,Керашева 1957: 225,"Керашева З. И. (1957) Особенности шапсугского диалекта адыгейского языка, Майкоп: Адыгейское книжное издательство."
345,Bzhedugh,t͡ɕ,ч,t͡ɕɐfən,to buy,покупать,Ситимова 2004: 69,Ситимова С. С. (2004) Особенности бжедугского диалекта адыгейского языка. Диссертация. Майкоп: Адыгейский государственный университет
346,Shapsugh,t͡ɕ,ч,t͡ɕɐfən,to buy,покупать,Керашева 1957: 225,"Керашева З. И. (1957) Особенности шапсугского диалекта адыгейского языка, Майкоп: Адыгейское книжное издательство."
347,st_EC,ɕ,щ,ŝɐxʷən,to buy,покупать,Керашева 1957: 225,"Керашева З. И. (1957) Особенности шапсугского диалекта адыгейского языка, Майкоп: Адыгейское книжное издательство."
348,st_WC,ɕ,щ,ɕɐfən,to buy,покупать,Керашева 1957: 225,"Керашева З. И. (1957) Особенности шапсугского диалекта адыгейского языка, Майкоп: Адыгейское книжное издательство."
349,Shapsugh,t͡ŝ’ʷ,цIу,t͡ŝ’ʷəwɐn,to dam,запруживать,Керашева 1957: 225,"Керашева З. И. (1957) Особенности шапсугского диалекта адыгейского языка, Майкоп: Адыгейское книжное издательство."
350,st_WC,d͡ẑʷ,дзу,d͡ẑʷəwɐn,to dam,запруживать,Керашева 1957: 225,"Керашева З. И. (1957) Особенности шапсугского диалекта адыгейского языка, Майкоп: Адыгейское книжное издательство."
351,Bzhedugh,ʃ,ш,ʃkɐn,to eat,есть,Ситимова 2004: 21,Ситимова С. С. (2004) Особенности бжедугского диалекта адыгейского языка. Диссертация. Майкоп: Адыгейский государственный университет
352,Shapsugh,ɕ,ш’,ɕxɐn,to eat,есть,Керашева 1957: 219,"Керашева З. И. (1957) Особенности шапсугского диалекта адыгейского языка, Майкоп: Адыгейское книжное издательство."
353,st_EC,ɕ,ш,ɕxɐn,to eat,есть,словарь,словарь
354,st_WC,ʃ,ш,ʃxɐn,to eat,есть,Керашева 1957: 219,"Керашева З. И. (1957) Особенности шапсугского диалекта адыгейского языка, Майкоп: Адыгейское книжное издательство."
355,Bzhedugh,k,к,ʃkɐn,to eat 2,есть 2,Ситимова 2004: 21,Ситимова С. С. (2004) Особенности бжедугского диалекта адыгейского языка. Диссертация. Майкоп: Адыгейский государственный университет
356,Shapsugh,x,х,ɕxɐn,to eat 2,есть 2,Керашева 1957: 219,"Керашева З. И. (1957) Особенности шапсугского диалекта адыгейского языка, Майкоп: Адыгейское книжное издательство."
357,st_EC,x,х,ɕxɐn,to eat 2,есть 2,словарь,словарь
358,st_WC,x,х,ʃxɐn,to eat 2,есть 2,Ситимова 2004: 21,Ситимова С. С. (2004) Особенности бжедугского диалекта адыгейского языка. Диссертация. Майкоп: Адыгейский государственный университет
359,Abadzekh,ʃ,ш,ʃɐn,to run,бежать,Керашева 1957: 223,"Керашева З. И. (1957) Особенности шапсугского диалекта адыгейского языка, Майкоп: Адыгейское книжное издательство."
360,Bzhedugh,t͡ʃ,чъ,t͡ʃɐn,to run,бежать,Ситимова 2004: 50,Ситимова С. С. (2004) Особенности бжедугского диалекта адыгейского языка. Диссертация. Майкоп: Адыгейский государственный университет
361,Shapsugh,t͡ɕ,ч,t͡ɕɐn,to run,бежать,Керашева 1957: 219,"Керашева З. И. (1957) Особенности шапсугского диалекта адыгейского языка, Майкоп: Адыгейское книжное издательство."
362,st_EC,ʑ,жь,ʑɐn,to run,бежать,Керашева 1957: 223,"Керашева З. И. (1957) Особенности шапсугского диалекта адыгейского языка, Майкоп: Адыгейское книжное издательство."
363,st_WC,t͡ʃ,чъ,t͡ʃɐn,to run,бежать,Керашева 1957: 219,"Керашева З. И. (1957) Особенности шапсугского диалекта адыгейского языка, Майкоп: Адыгейское книжное издательство."
364,Abadzekh,ʃ,ш,ʃəjɐn,to sleep,спать,Кумахова 1972: 25,Кумахова З. Ю. (1972) Абадзехский диалект и его место среди других адыгских диалектов
365,Bzhedugh,t͡ʃ,чъ,t͡ʃəjɐn,to sleep,спать,Ситимова 2004: 146,Ситимова С. С. (2004) Особенности бжедугского диалекта адыгейского языка. Диссертация. Майкоп: Адыгейский государственный университет
366,Shapsugh,t͡ɕ,ч,t͡ɕəjɐn,to sleep,спать,Керашева 1957: 219,"Керашева З. И. (1957) Особенности шапсугского диалекта адыгейского языка, Майкоп: Адыгейское книжное издательство."
367,st_EC,ʑ,ж,ʑɐjən,to sleep,спать,словарь,словарь
368,st_WC,t͡ʃ,чъ,t͡ʃəjɐn,to sleep,спать,Керашева 1957: 219,"Керашева З. И. (1957) Особенности шапсугского диалекта адыгейского языка, Майкоп: Адыгейское книжное издательство."
369,Shapsugh,pχ,пхъ,ʔɐpχab,toe,палец,Керашева 1957: 237,"Керашева З. И. (1957) Особенности шапсугского диалекта адыгейского языка, Майкоп: Адыгейское книжное издательство."
370,st_EC,pχʷ,пхъу,ʔɐpχʷambɐ,toe,палец,Керашева 1957: 237,"Керашева З. И. (1957) Особенности шапсугского диалекта адыгейского языка, Майкоп: Адыгейское книжное издательство."
371,st_WC,pχʷ,пхъу,ʔɐpχʷamb,toe,палец,Керашева 1957: 237,"Керашева З. И. (1957) Особенности шапсугского диалекта адыгейского языка, Майкоп: Адыгейское книжное издательство."
372,Bzhedugh,t͡s,ц,t͡sɐ,tooth,зуб,Ситимова 2004: 44,Ситимова С. С. (2004) Особенности бжедугского диалекта адыгейского языка. Диссертация. Майкоп: Адыгейский государственный университет
373,Shapsugh,t͡sː,цц,t͡sːɐ,tooth,зуб,Керашева 1957: 217,"Керашева З. И. (1957) Особенности шапсугского диалекта адыгейского языка, Майкоп: Адыгейское книжное издательство."
374,st_EC,d͡z,дз,d͡zɐ,tooth,зуб,Керашева 1957: 217,"Керашева З. И. (1957) Особенности шапсугского диалекта адыгейского языка, Майкоп: Адыгейское книжное издательство."
375,st_WC,t͡s,ц,t͡sɐ,tooth,зуб,Керашева 1957: 217,"Керашева З. И. (1957) Особенности шапсугского диалекта адыгейского языка, Майкоп: Адыгейское книжное издательство."
376,Abadzekh,ʃ,ш,ʃəɡə,tree,дерево,Кумахова 1972: 25,Кумахова З. Ю. (1972) Абадзехский диалект и его место среди других адыгских диалектов
377,Bzhedugh,t͡ʃ,чъ,t͡ʃəɡə,tree,дерево,Ситимова 2004: 23,Ситимова С. С. (2004) Особенности бжедугского диалекта адыгейского языка. Диссертация. Майкоп: Адыгейский государственный университет
378,Shapsugh,t͡ɕ,ч,t͡ɕəɡə,tree,дерево,Керашева 1957: 218,"Керашева З. И. (1957) Особенности шапсугского диалекта адыгейского языка, Майкоп: Адыгейское книжное издательство."
379,st_EC,ʑ,ж,ʑəɡ,tree,дерево,словарь,словарь
380,st_WC,t͡ʃ,чъ,t͡ʃəɡə,tree,дерево,Керашева 1957: 218,"Керашева З. И. (1957) Особенности шапсугского диалекта адыгейского языка, Майкоп: Адыгейское книжное издательство."
381,Bzhedugh,d͡ʒ,дж,ʁʷɐt͡ɕad͡ʒ,trousers,брюки,Ситимова 2004: 27,Ситимова С. С. (2004) Особенности бжедугского диалекта адыгейского языка. Диссертация. Майкоп: Адыгейский государственный университет
382,Shapsugh,ɡʲ,гь,ʁʷɐt͡ɕaɡʲ,trousers,брюки,Керашева 1957: 239,"Керашева З. И. (1957) Особенности шапсугского диалекта адыгейского языка, Майкоп: Адыгейское книжное издательство."
383,st_EC,d͡ʑ,дж,ʁʷɐnɕad͡ʑ,trousers,брюки,словарь,словарь
384,st_WC,nd͡ʒ,ндж,ʁʷɐt͡ɕand͡ʑ,trousers,брюки,Керашева 1957: 239,"Керашева З. И. (1957) Особенности шапсугского диалекта адыгейского языка, Майкоп: Адыгейское книжное издательство."
385,Abadzekh,t'ʷ,тIу,t’ʷə,two,два,Кумахова 1972: 14,Кумахова З. Ю. (1972) Абадзехский диалект и его место среди других адыгских диалектов
386,Bzhedugh,t'ʷ,тIу,t’ʷə,two,два,Ситимова 2004: 51,Ситимова С. С. (2004) Особенности бжедугского диалекта адыгейского языка. Диссертация. Майкоп: Адыгейский государственный университет
387,Shapsugh,tq’ʷ,ткIъу,tq’ʷə,two,два,Керашева 1957: 228,"Керашева З. И. (1957) Особенности шапсугского диалекта адыгейского языка, Майкоп: Адыгейское книжное издательство."
388,st_EC,t'ʷ,тIу,t’ʷə,two,два,Керашева 1957: 228,"Керашева З. И. (1957) Особенности шапсугского диалекта адыгейского языка, Майкоп: Адыгейское книжное издательство."
389,st_WC,t'ʷ,тIу,t’ʷə,two,два,Керашева 1957: 228,"Керашева З. И. (1957) Особенности шапсугского диалекта адыгейского языка, Майкоп: Адыгейское книжное издательство."
390,Abadzekh,ɕ,щ,ɕəɮɐ,village,селение,Кумахова 1972: 14,Кумахова З. Ю. (1972) Абадзехский диалект и его место среди других адыгских диалектов
391,Bzhedugh,t͡ɕ,ч,t͡ɕəɮɐ,village,селение,Ситимова 2004: 57,Ситимова С. С. (2004) Особенности бжедугского диалекта адыгейского языка. Диссертация. Майкоп: Адыгейский государственный университет
392,Shapsugh,t͡ɕː,чч,t͡ɕːəɮɐ,village,селение,Керашева 1957: 217,"Керашева З. И. (1957) Особенности шапсугского диалекта адыгейского языка, Майкоп: Адыгейское книжное издательство."
393,st_EC,d͡ʑ,дж,d͡ʑəɮɐ,village,селение,Керашева 1957: 217,"Керашева З. И. (1957) Особенности шапсугского диалекта адыгейского языка, Майкоп: Адыгейское книжное издательство."
394,st_WC,t͡ɕ,ч,t͡ɕəɮɐ,village,селение,Керашева 1957: 217,"Керашева З. И. (1957) Особенности шапсугского диалекта адыгейского языка, Майкоп: Адыгейское книжное издательство."
395,Shapsugh,d͡ʑ,дж,qʷad͡ʑɐ,village,село,Керашева 1957: 222,"Керашева З. И. (1957) Особенности шапсугского диалекта адыгейского языка, Майкоп: Адыгейское книжное издательство."
396,st_EC,ʑ,жь,q’ʷaʑɐ,village,село,Керашева 1957: 222,"Керашева З. И. (1957) Особенности шапсугского диалекта адыгейского языка, Майкоп: Адыгейское книжное издательство."
397,st_WC,d͡ʑ,дж,qʷad͡ʑɐ,village,село,Керашева 1957: 222,"Керашева З. И. (1957) Особенности шапсугского диалекта адыгейского языка, Майкоп: Адыгейское книжное издательство."
398,Bzhedugh,t͡ɕ,ч,bɐrt͡ɕɐẑəj,Wednesday,среда,Ситимова 2004: 20,Ситимова С. С. (2004) Особенности бжедугского диалекта адыгейского языка. Диссертация. Майкоп: Адыгейский государственный университет
399,st_WC,sk,ск,bɐrɐskɐẑəj,Wednesday,среда,Ситимова 2004: 20,Ситимова С. С. (2004) Особенности бжедугского диалекта адыгейского языка. Диссертация. Майкоп: Адыгейский государственный университет
400,Shapsugh,s’,сI,s’ənɐ,wet,мокрый,Керашева 1957: 229,"Керашева З. И. (1957) Особенности шапсугского диалекта адыгейского языка, Майкоп: Адыгейское книжное издательство."
401,st_WC,t͡s’,цI,t͡s’ənɐ,wet,мокрый,Керашева 1957: 229,"Керашева З. И. (1957) Особенности шапсугского диалекта адыгейского языка, Майкоп: Адыгейское книжное издательство."
402,Bzhedugh,ŝ,шъ,ŝəd,what,что?,Ситимова 2004: 81,Ситимова С. С. (2004) Особенности бжедугского диалекта адыгейского языка. Диссертация. Майкоп: Адыгейский государственный университет
403,Shapsugh,ŝ,шъ,ŝəd,what,что?,Керашева 1957: 242,"Керашева З. И. (1957) Особенности шапсугского диалекта адыгейского языка, Майкоп: Адыгейское книжное издательство."
404,st_EC,s,с,sət,what,что?,словарь,словарь
405,st_WC,s,с,səd,what,что?,Керашева 1957: 242,"Керашева З. И. (1957) Особенности шапсугского диалекта адыгейского языка, Майкоп: Адыгейское книжное издательство."
406,Bzhedugh,kʷ,ку,kʷɐt͡sːə,wheat,пшеница,Ситимова 2004: 31,Ситимова С. С. (2004) Особенности бжедугского диалекта адыгейского языка. Диссертация. Майкоп: Адыгейский государственный университет
407,Shapsugh,kʷ,куку,kʷɐt͡sː,wheat,пшеница,Керашева 1957: 218,"Керашева З. И. (1957) Особенности шапсугского диалекта адыгейского языка, Майкоп: Адыгейское книжное издательство."
408,st_EC,ɡʷ,гу,ɡʷɐd͡z,wheat,пшеница,Керашева 1957: 218,"Керашева З. И. (1957) Особенности шапсугского диалекта адыгейского языка, Майкоп: Адыгейское книжное издательство."
409,st_WC,kʰʷ,ку,kʰʷɐt͡sə,wheat,пшеница,Керашева 1957: 218,"Керашева З. И. (1957) Особенности шапсугского диалекта адыгейского языка, Майкоп: Адыгейское книжное издательство."
410,Shapsugh,kʲ,кь,fɐkʲɐfɐw,willingly,охотно,Керашева 1957: 221,"Керашева З. И. (1957) Особенности шапсугского диалекта адыгейского языка, Майкоп: Адыгейское книжное издательство."
411,st_WC,t͡ɕ,ч,fɐt͡ɕɐfɐw,willingly,охотно,Керашева 1957: 221,"Керашева З. И. (1957) Особенности шапсугского диалекта адыгейского языка, Майкоп: Адыгейское книжное издательство."
412,Xakuchi,tʲ,т’,fɐtʲɐfɐw,willingly,охотно,Керашева 1957: 221,"Керашева З. И. (1957) Особенности шапсугского диалекта адыгейского языка, Майкоп: Адыгейское книжное издательство."
413,Abadzekh,ʑ,жь,ʑə,wind,ветер,Кумахова 1972: 17,Кумахова З. Ю. (1972) Абадзехский диалект и его место среди других адыгских диалектов
414,st_EC,ʑ,жь,ʑəbʁɐ,wind,ветер,словарь,словарь
415,st_WC,ẑ,жь,ʑə,wind,ветер,словарь,словарь
416,Bzhedugh,t,т,tamɐ,wing,крыло,Ситимова 2004: 52,Ситимова С. С. (2004) Особенности бжедугского диалекта адыгейского языка. Диссертация. Майкоп: Адыгейский государственный университет
417,Shapsugh,t,тт,tamɐ,wing,крыло,Керашева 1957: 217,"Керашева З. И. (1957) Особенности шапсугского диалекта адыгейского языка, Майкоп: Адыгейское книжное издательство."
418,st_EC,d,д,damɐ,wing,крыло,Керашева 1957: 217,"Керашева З. И. (1957) Особенности шапсугского диалекта адыгейского языка, Майкоп: Адыгейское книжное издательство."
419,st_WC,tʰ,т,tʰamɐ,wing,крыло,Керашева 1957: 217,"Керашева З. И. (1957) Особенности шапсугского диалекта адыгейского языка, Майкоп: Адыгейское книжное издательство."
420,Bzhedugh,t͡sʰ,цh,t͡sʰə,wool,шерсть,Ситимова 2004: 44,Ситимова С. С. (2004) Особенности бжедугского диалекта адыгейского языка. Диссертация. Майкоп: Адыгейский государственный университет
421,Shapsugh,t͡s,ц,t͡sɐ,wool,шерсть,Керашева 1957: 218,"Керашева З. И. (1957) Особенности шапсугского диалекта адыгейского языка, Майкоп: Адыгейское книжное издательство."
422,st_EC,t͡s,ц,t͡sɐ,wool,шерсть,Керашева 1957: 218,"Керашева З. И. (1957) Особенности шапсугского диалекта адыгейского языка, Майкоп: Адыгейское книжное издательство."
423,st_WC,t͡s,ц,t͡sɐ,wool,шерсть,Керашева 1957: 218,"Керашева З. И. (1957) Особенности шапсугского диалекта адыгейского языка, Майкоп: Адыгейское книжное издательство."
424,Abadzekh,ʃ,ш,kʷəʃɐ,cradle,колыбель,Кумахова 1972: 55,Кумахова З. Ю. (1972) Абадзехский диалект и его место среди других адыгских диалектов
425,Bzhedugh,ŝ,шъ,kʷəŝɐ,cradle,колыбель,Ситимова 2004: 39,Ситимова С. С. (2004) Особенности бжедугского диалекта адыгейского языка. Диссертация. Майкоп: Адыгейский государственный университет
426,st_EC,ŝ,шъ,ɡʷəŝɐ,cradle,колыбель,Кумахова 1972: 55,Кумахова З. Ю. (1972) Абадзехский диалект и его место среди других адыгских диалектов
427,st_WC,ŝ,шъ,kʷəŝɐ,cradle,колыбель,Кумахова 1972: 55,Кумахова З. Ю. (1972) Абадзехский диалект и его место среди других адыгских диалектов
