translation_source,lect,sound,sound_source,example,reference,full_reference
арба,Хаджико,kʷ,ку,kʷə,fieldwork,fieldwork
арба,Большой Кичмай,kʷ,ку,kʷə,fieldwork,fieldwork
арба,Агуй-Шапсуг,kʷ,ку,kʷə,fieldwork,fieldwork
арба,Псейтук,kʷ,ку,kʷə,fieldwork,fieldwork
арба,Нешукай,kʷ,ку,kʷə,fieldwork,fieldwork
арба,М. Псеушхо,kʷ,ку,kʷə,fieldwork,fieldwork
арба,Уляп,ɡʷ,гуы,ɡʷə,fieldwork,fieldwork
арба,Вакожиле,ɡʷ,гуы,ɡʷə,fieldwork,fieldwork
арба,Кургоковское,ɡʷ,гуы,ɡʷə,fieldwork,fieldwork
арба,Ходзь,ɡʷ,гуы,ɡʷə,fieldwork,fieldwork
арба,Блечепсин,ɡʷ,гуы,ɡʷə,fieldwork,fieldwork
арба,Хумара,ɡʷ,гуы,ɡʷə,fieldwork,fieldwork
арба,Инджиджишхо,ɡʷ,гуы,ɡʷə,fieldwork,fieldwork
арба,Эрсакон,ɡʷ,гуы,ɡʷə,fieldwork,fieldwork
арба,Жако,ɡʷ,гуы,ɡʷə,fieldwork,fieldwork
борода,Хаджико,ʑ,жь,ʑakʲ’ɐ,fieldwork,fieldwork
борода,Большой Кичмай,ʑ,жь,ʑat͡ɕ’ɐ,fieldwork,fieldwork
борода,Агуй-Шапсуг,ʑ,жь,ʑakʲ’ɐ,fieldwork,fieldwork
борода,Псейтук,ʑ,жь,ʑakʲ’ɐ,fieldwork,fieldwork
борода,Нешукай,ʒ,ж,ʒat͡ɕ’ɐ,fieldwork,fieldwork
борода,Егерухай,ʒ,ж,ʒat͡ɕ’ɐ,fieldwork,fieldwork
борода,Уляп,ʒ,ж,ʒat͡ɕ’ɐ,fieldwork,fieldwork
борода,Вакожиле,ʒ,ж,ʒat͡ɕ’ɐ,fieldwork,fieldwork
борода,Кургоковское,ʒ,ж,ʒat͡ɕ’ɐ,fieldwork,fieldwork
борода,Ходзь,ẑ,жъ,ẑat͡ɕ’ɐ,fieldwork,fieldwork
борода,Блечепсин,ẑ,жъ,ẑat͡ɕ’ɐ,fieldwork,fieldwork
борода,Хумара,ẑ,жъ,ẑat͡ɕ’ɐ,fieldwork,fieldwork
борода,Инджиджишхо,ẑ,жъ,ẑat͡ɕ’ɐ,fieldwork,fieldwork
борода,Эрсакон,ẑ,жъ,ẑat͡ɕ’ɐ,fieldwork,fieldwork
борода,Жако,ẑ,жъ,ẑat͡ɕ’ɐ,fieldwork,fieldwork
борода 2,Хаджико,kʲ’,кьI,ʑakʲ’ɐ,fieldwork,fieldwork
борода 2,Большой Кичмай,t͡ɕ’,кI,ẑat͡ɕ’ɐ,fieldwork,fieldwork
борода 2,Агуй-Шапсуг,kʲ’,кьI,ʑakʲ’ɐ,fieldwork,fieldwork
борода 2,Псейтук,kʲ’,кьI,ʑakʲ’ɐ,fieldwork,fieldwork
борода 2,Нешукай,t͡ɕ’,кI,ʒat͡ɕ’ɐ,fieldwork,fieldwork
борода 2,Егерухай,t͡ɕ’,кI,ʒat͡ɕ’ɐ,fieldwork,fieldwork
борода 2,Уляп,t͡ɕ’,кI,ʒat͡ɕ’ɐ,fieldwork,fieldwork
борода 2,Вакожиле,t͡ɕ’,кI,ʒat͡ɕ’ɐ,fieldwork,fieldwork
борода 2,Кургоковское,t͡ɕ’,кI,ʒat͡ɕ’ɐ,fieldwork,fieldwork
борода 2,Ходзь,t͡ɕ’,кI,ẑat͡ɕ’ɐ,fieldwork,fieldwork
борода 2,Блечепсин,t͡ɕ’,кI,ẑat͡ɕ’ɐ,fieldwork,fieldwork
борода 2,Хумара,t͡ɕ’,кI,ẑat͡ɕ’ɐ,fieldwork,fieldwork
борода 2,Инджиджишхо,t͡ɕ’,кI,ẑat͡ɕ’ɐ,fieldwork,fieldwork
борода 2,Эрсакон,t͡ɕ’,кI,ẑat͡ɕ’ɐ,fieldwork,fieldwork
борода 2,Жако,t͡ɕ’,кI,ẑat͡ɕ’ɐ,fieldwork,fieldwork
брат,Хаджико,t͡ɕ,ч,t͡ɕə,fieldwork,fieldwork
брат,Большой Кичмай,t͡ɕ,ч,t͡ɕə,fieldwork,fieldwork
брат,Псебе,xʲ,х’,xʲə,fieldwork,fieldwork
брат,Агуй-Шапсуг,xʲ,х’,xʲə,fieldwork,fieldwork
брат,Псейтук,ɕʰ,щh,ɕʰə,fieldwork,fieldwork
брат,Нешукай,ʃʰ,шh,ʃʰə,fieldwork,fieldwork
брат,Егерухай,ʃ,ш,ʃə,fieldwork,fieldwork
брат,М. Псеушхо,ʃ,ш,ʃə,fieldwork,fieldwork
брат,Уляп,ʃ,ш,ʃə,fieldwork,fieldwork
ведро,Хаджико,t͡ɕ,ч,t͡ɕaɬɐ,fieldwork,fieldwork
ведро,Большой Кичмай,t͡ɕ,ч,t͡ɕaɬɐ,fieldwork,fieldwork
ведро,Агуй-Шапсуг,xʲ,х’,xʲaɬɐ,fieldwork,fieldwork
ведро,Нешукай,t͡ɕ,ч,t͡ɕaɬɐ,fieldwork,fieldwork
ведро,М. Псеушхо,ʃ,ш,ʃaɬɐ ,fieldwork,fieldwork
ветер,Хаджико,ʑ,жь,ʑəbʁɐ,fieldwork,fieldwork
ветер,Большой Кичмай,ʑ,жь,ʑəbʁɐ,fieldwork,fieldwork
ветер,Псебе,ʑ,жь,ʑəbʁɐ,fieldwork,fieldwork
ветер,Агуй-Шапсуг,ʑ,жь,ʑəbʁɐ,fieldwork,fieldwork
ветер,Псейтук,ʑ,жь,ʑəbʁɐ,fieldwork,fieldwork
ветер,Нешукай,ʑ,жь,ʑəbʁɐ,fieldwork,fieldwork
ветер,М. Псеушхо,ʑ,жь,ʒəbʁɐ,fieldwork,fieldwork
ветер,Уляп,ʑ,жь,ʑəbʁɐ,fieldwork,fieldwork
ветер,Вакожиле,ʑ,жь,ʑəbʁɐ,fieldwork,fieldwork
ветер,Бесленей,ʑ,жь,ʑəbʁɐ,fieldwork,fieldwork
ветер,Кургоковское,ʑ,жь,ʑəbʁɐ,fieldwork,fieldwork
ветер,Ходзь,ẑ,жъ,ẑəbʁɐ,fieldwork,fieldwork
ветер,Блечепсин,ẑ,жъ,ẑəbʁɐ,fieldwork,fieldwork
ветер,Хумара,ẑ,жъ,ẑəbʁɐ,fieldwork,fieldwork
ветер,Инджиджишхо,ẑ,жъ,ẑəbʁɐ,fieldwork,fieldwork
ветер,Эрсакон,ẑ,жъ,ẑəbʁɐ,fieldwork,fieldwork
ветер,Жако,ẑ,жъ,ẑəbʁɐ,fieldwork,fieldwork
вилка,Хаджико,t͡s,ц,цацэ,fieldwork,fieldwork
вилка,Большой Кичмай,t͡s,ц,цацэ,fieldwork,fieldwork
вилка,Агуй-Шапсуг,t͡s,ц,цасIэ,fieldwork,fieldwork
вилка,Псейтук,t͡sʰ,цh,цhацhэ,fieldwork,fieldwork
вилка,Нешукай,t͡sʰ,цh,цhацhэ,fieldwork,fieldwork
вилка,М. Псеушхо,t͡s,ц,цацэ,fieldwork,fieldwork
вилка,Уляп,d͡z,дз,ʒase,fieldwork,fieldwork
всё,Хаджико,ʑ,жь,zɐwəʑɐ,fieldwork,fieldwork
всё,Большой Кичмай,ʑ,жь,zɐwəʑɐ,fieldwork,fieldwork
всё,Псебе,ʑ,жь,zɐwəʑə,fieldwork,fieldwork
всё,Агуй-Шапсуг,ʑ,жь,zɐwəʑə,fieldwork,fieldwork
всё,Псейтук,ʑ,жь,zɐwəʑə,fieldwork,fieldwork
всё,М. Псеушхо,ʒ,ж,zɐwəʒ,fieldwork,fieldwork
гнездо,Хаджико,bʁ,бгъ,nabʁɐ,fieldwork,fieldwork
гнездо,Агуй-Шапсуг,bɡ,бг,nabɡɐ,fieldwork,fieldwork
гнездо,Псейтук,bʁʷ,бгъу,nabʁʷɐ,fieldwork,fieldwork
гнездо,Нешукай,bʁʷ,бгъу,nabʁʷɐ,fieldwork,fieldwork
гнездо,М. Псеушхо,bʁ,бгъ,nabʁɐ,fieldwork,fieldwork
гнездо,Уляп,bʁ,бгъ,bzwənabʁʷɐ,fieldwork,fieldwork
гнездо,Вакожиле,bʁʷ,бгъу,abʁʷɐ,fieldwork,fieldwork
гнездо,Кургоковское,bʁʷ,бгъу,abʁʷɐ,fieldwork,fieldwork
гнездо,Ходзь,bʁʷ,бгъу,nabʁʷɐ,fieldwork,fieldwork
гнездо,Блечепсин,bʁʷ,бгъу,abʁʷɐ,fieldwork,fieldwork
гнездо,Хумара,bʁʷ,бгъу,abʁʷɐ,fieldwork,fieldwork
гнездо,Инджиджишхо,bʁʷ,бгъу,abʁʷɐ,fieldwork,fieldwork
гнездо,Эрсакон,bʁʷ,бгъу,abʁʷɐ,fieldwork,fieldwork
гнездо,Жако,bʁʷ,бгъу,abʁʷɐ,fieldwork,fieldwork
голый,Хаджико,t͡s’,цI,pt͡s’anɐ,fieldwork,fieldwork
голый,Большой Кичмай,t͡s’,цI,pt͡s’anɐ,fieldwork,fieldwork
голый,Агуй-Шапсуг,s’,сI,ps’anɐ,fieldwork,fieldwork
голый,Псейтук,t͡s’,цI,pt͡s’anɐ,fieldwork,fieldwork
голый,Нешукай,t͡s’,цI,pt͡s’anɐ,fieldwork,fieldwork
голый,М. Псеушхо,t͡s’,цI,pt͡s’anɐ,fieldwork,fieldwork
голый,Уляп,t͡s’,цI,pt͡s’anɐ,fieldwork,fieldwork
голый,Вакожиле,t͡s’,цI,pt͡s’anɐ,fieldwork,fieldwork
голый,Хумара,t͡s’,цI,pt͡s’anɐ,fieldwork,fieldwork
голый,Инджиджишхо,t͡s’,цI,pt͡s’anɐ,fieldwork,fieldwork
голый,Эрсакон,t͡s’,цI,pt͡s’anɐ,fieldwork,fieldwork
голый,Жако,t͡s’,цI,pt͡s’anɐ,fieldwork,fieldwork
два,Хаджико,t’ʷ,тIу,t’ʷə,fieldwork,fieldwork
два,Большой Кичмай,t’q’ʷ,тIкIъу,t’q’ʷə,fieldwork,fieldwork
два,Псебе,t’ʷ,тIу,t’ʷə,fieldwork,fieldwork
два,Агуй-Шапсуг,t’ʷ,тIкIъу,t’q’ʷə,fieldwork,fieldwork
два,Псейтук,t’ʷ,тIу,t’ʷə,fieldwork,fieldwork
два,Нешукай,t’ʷ,тIу,t’ʷə,fieldwork,fieldwork
два,М. Псеушхо,t’ʷ,тIу,t’ʷə,fieldwork,fieldwork
два,Уляп,t’ʷ,тIу,t’ʷə,fieldwork,fieldwork
два,Вакожиле,t’ʷ,тIу,t’ʷə,fieldwork,fieldwork
два,Бесленей,t’ʷ,тIу,t’ʷə,fieldwork,fieldwork
два,Ходзь,t’ʷ,тIу,t’ʷə,fieldwork,fieldwork
два,Хумара,t’ʷ,тIу,t’ʷə,fieldwork,fieldwork
два,Инджиджишхо,t’ʷ,тIу,t’ʷə,fieldwork,fieldwork
два,Эрсакон,t’ʷ,тIу,t’ʷə,fieldwork,fieldwork
два,Жако,t’ʷ,тIу,t’ʷə,fieldwork,fieldwork
дверь,Хаджико,t͡ɕ,ч,pt͡ɕɐ,fieldwork,fieldwork
дверь,Большой Кичмай,t͡ɕ,ч,pt͡ɕɐ,fieldwork,fieldwork
дверь,Агуй-Шапсуг,t͡ɕ,ч,pːt͡ɕɐ,fieldwork,fieldwork
дверь,Псейтук,t͡ɕ,ч,pt͡ɕɐ,fieldwork,fieldwork
дверь,Нешукай,t͡ɕ,ч,pt͡ʃɐ,fieldwork,fieldwork
дверь,М. Псеушхо,t͡ɕ,ч,pt͡ɕɐ,fieldwork,fieldwork
дверь,Уляп,ʒ,ж,bʒɐ,fieldwork,fieldwork
дверь,Вакожиле,ʒ,ж,bʒɐ,fieldwork,fieldwork
дверь,Кургоковское,ʒ,ж,bʒɐ,fieldwork,fieldwork
дверь,Ходзь,ʑ,жь,bʑɐ,fieldwork,fieldwork
дверь,Блечепсин,ʑ,жь,bʑɐ,fieldwork,fieldwork
дверь,Хумара,ʑ,жь,bʑɐ,fieldwork,fieldwork
дверь,Инджиджишхо,ʒ,ж,bʒɐ,fieldwork,fieldwork
дверь,Эрсакон,ʑ,жь,bʑɐ,fieldwork,fieldwork
дверь,Жако,ʒ,ж,bʒɐ,fieldwork,fieldwork
дерево,Хаджико,t͡ɕ,ч,t͡ɕəɡə,fieldwork,fieldwork
дерево,Большой Кичмай,t͡ɕ,ч,t͡ɕəɡə,fieldwork,fieldwork
дерево,Псебе,t͡ɕ,ч,t͡ɕəɡə,fieldwork,fieldwork
дерево,Агуй-Шапсуг,t͡ɕ,ч,t͡ɕəɡə,fieldwork,fieldwork
дерево,Псейтук,t͡ɕ,ч,t͡ɕəɡə,fieldwork,fieldwork
дерево,Нешукай,t͡ʃ,чъ,t͡ʃəɡə,fieldwork,fieldwork
дерево,Б. Псеушхо,t͡ɕ,ч,t͡ɕəɡə,fieldwork,fieldwork
дерево,М. Псеушхо,t͡ɕ,ч,t͡ɕəɡə,fieldwork,fieldwork
дерево,Уляп,ʒ,ж,ʒəɡ,fieldwork,fieldwork
дерево,Вакожиле,ʒ,ж,ʒəɡ,fieldwork,fieldwork
дерево,Бесленей,ʒ,ж,ʒəɡ,fieldwork,fieldwork
дерево,Кургоковское,d͡ʒ,дж,d͡ʒəɡ,fieldwork,fieldwork
дерево,Ходзь,ʑ,жь,ʑəɡ,fieldwork,fieldwork
дерево,Блечепсин,ʑ,жь,ʑəɡ,fieldwork,fieldwork
дерево,Хумара,ʑ,жь,ʑəɡ,fieldwork,fieldwork
дерево,Инджиджишхо,ʒ,ж,ʒəɡ,fieldwork,fieldwork
дерево,Эрсакон,ʑ,жь,ʑəɡ,fieldwork,fieldwork
дерево,Жако,ʒ,ж,ʒəɡ,fieldwork,fieldwork
дно,Хаджико,t͡ɕ’,кI,t͡ɕ’ə,fieldwork,fieldwork
дно,Большой Кичмай,t͡ɕ’,кI,t͡ɕ’ə,fieldwork,fieldwork
дно,Агуй-Шапсуг,t͡ɕ’,кI,t͡ɕ’ə,fieldwork,fieldwork
дно,Псейтук,t͡ɕ’,кI,t͡ɕ’ə,fieldwork,fieldwork
дно,Нешукай,t͡ʃ’,чI,t͡ʃ’ɐ,fieldwork,fieldwork
дно,М. Псеушхо,t͡ɕ’,кI,t͡ɕ’ə,fieldwork,fieldwork
дно,Уляп,t͡ɕ’,кI,t͡ɕ’ə,fieldwork,fieldwork
дно,Вакожиле,t͡ʃ’,чI,t͡ʃ’ɐ,fieldwork,fieldwork
дно,Ходзь,ŝ’,шI,шIагъ,fieldwork,fieldwork
дно,Блечепсин,ŝ’,шI,шIагъ,fieldwork,fieldwork
дно,Хумара,ŝ’,шI,шIагъ,fieldwork,fieldwork
дно,Инджиджишхо,ŝ’,шI,шIагъ,fieldwork,fieldwork
дно,Эрсакон,ŝ’,шI,"шIагъ, лъэгу",fieldwork,fieldwork
дно,Жако,ŝ’,шI,шIагъ,fieldwork,fieldwork
дочь,Нешукай,pχʷ,пхъу,pχʷə,fieldwork,fieldwork
дочь,Егерухай,pχʷ,пхъу,pχʷə,fieldwork,fieldwork
дочь,Уляп,pχʷ,пхъу,pχʷə,fieldwork,fieldwork
дочь,Вакожиле,pχʷ,пхъу,pχʷə,fieldwork,fieldwork
дочь,Кургоковское,pχʷ,пхъу,pχʷə,fieldwork,fieldwork
дочь,Ходзь,pχʷ,пхъу,pχʷə,fieldwork,fieldwork
дочь,Блечепсин,pχʷ,пхъу,pχʷə,fieldwork,fieldwork
дочь,Хумара,pχʷ,пхъу,pχʷə,fieldwork,fieldwork
дочь,Инджиджишхо,pχʷ,пхъу,pχʷə,fieldwork,fieldwork
дочь,Эрсакон,pχʷ,пхъу,pχʷə,fieldwork,fieldwork
дочь,Жако,pχʷ,пхъу,pχʷə,fieldwork,fieldwork
есть,Хаджико,ɕ,щ,"рэщхэт, рэмыщхэнэу сыфай",fieldwork,fieldwork
есть,Большой Кичмай,ɕ,щ,"рэщхагъ, рэщхэщт, рэмыщхэнэу сыфае",fieldwork,fieldwork
есть,Псебе,ɕ,щ,"ищхы(щ)т, имыщхэно сыфай",fieldwork,fieldwork
есть,Агуй-Шапсуг,ɕ,щ,"ыщхыщт, ымыщхыно сыфай",fieldwork,fieldwork
есть,Псейтук,ɕ,щ,"ыщхыщт, ымыщхынэу сыфай",fieldwork,fieldwork
есть,М. Псеушхо,ʃ,ш,"ышхэшт, ымышхэнэу сыфай",fieldwork,fieldwork
есть,Бесленей,ʃ,ш,"ишхыну, имышхыну жьеIа",fieldwork,fieldwork
есть,Ходзь,ɕ,щ,"сыщхэнэ, сымыщхэну",fieldwork,fieldwork
есть,Хумара,ʃ,ш,"ишхын, имышхыну сыхуе",fieldwork,fieldwork
есть,Инджиджишхо,ʃ,ш,"ишхыну, имышхыну жеIа",fieldwork,fieldwork
есть,Эрсакон,ʃ,ш,"ишхын, имышхыну сыхуе",fieldwork,fieldwork
есть,Жако,ʃ,ш,"ишхынэ, имышхыну жеIа",fieldwork,fieldwork
есть 2,Хаджико,x,х,"рэщхэт, рэмыщхэнэу сыфай",fieldwork,fieldwork
есть 2,Большой Кичмай,x,х,"рэщхагъ, рэщхэщт, рэмыщхэнэу сыфае",fieldwork,fieldwork
есть 2,Псебе,x,х,"ищхы(щ)т, имыщхэно сыфай",fieldwork,fieldwork
есть 2,Агуй-Шапсуг,x,х,"ыщхыщт, ымыщхыно сыфай",fieldwork,fieldwork
есть 2,Псейтук,x,х,"ыщхыщт, ымыщхынэу сыфай",fieldwork,fieldwork
есть 2,М. Псеушхо,x,х,"ышхэшт, ымышхэнэу сыфай",fieldwork,fieldwork
есть 2,Бесленей,x,х,"ишхыну, имышхыну жьеIа",fieldwork,fieldwork
есть 2,Ходзь,x,х,"сыщхэнэ, сымыщхэну",fieldwork,fieldwork
есть 2,Хумара,x,х,"ишхын, имышхыну сыхуе",fieldwork,fieldwork
есть 2,Инджиджишхо,x,х,"ишхыну, имышхыну жеIа",fieldwork,fieldwork
есть 2,Эрсакон,x,х,"ишхын, имышхыну сыхуе",fieldwork,fieldwork
есть 2,Жако,x,х,"ишхынэ, имышхыну жеIа",fieldwork,fieldwork
железо,Хаджико,t͡ɕ’,кI,ʁʷət͡ɕ’ə,fieldwork,fieldwork
железо,Большой Кичмай,t͡ɕ’,кI,ʁʷət͡ɕ’ɐ,fieldwork,fieldwork
железо,Псебе,t͡ɕ’,кI,ʁʷət͡ɕ’ə(n),fieldwork,fieldwork
железо,Агуй-Шапсуг,t͡ɕ’,кI,ʁʷət͡ɕ’ɐ,fieldwork,fieldwork
железо,Псейтук,t͡ɕ’,кI,ʁʷət͡ɕ’ɐ,fieldwork,fieldwork
железо,Нешукай,t͡ʃ’,чI,ʁʷət͡ʃ’ə,fieldwork,fieldwork
железо,М. Псеушхо,t͡ɕ’,кI,ʁʷət͡ɕ’ɐ,fieldwork,fieldwork
железо,Уляп,t͡ʃ’,чI,ʁʷət͡ʃ’,fieldwork,fieldwork
железо,Вакожиле,t͡ʃ’,чI,ʁʷət͡ʃ’,fieldwork,fieldwork
железо,Кургоковское,t͡ʃ’,чI,ʁʷət͡ʃ’,fieldwork,fieldwork
железо,Ходзь,ŝ’,щI,ʁʷəŝ’,fieldwork,fieldwork
железо,Блечепсин,ŝ’,щI,ʁʷəŝ’,fieldwork,fieldwork
железо,Хумара,ŝ’,щI,ʁʷəŝ’,fieldwork,fieldwork
железо,Инджиджишхо,ŝ’,щI,ʁʷəŝ’,fieldwork,fieldwork
железо,Эрсакон,ŝ’,щI,ʁʷəŝ’,fieldwork,fieldwork
железо,Жако,ŝ’,щI,ʁʷəŝ’,fieldwork,fieldwork
замок,Хаджико,ʔʷ,Iу,ʔʷət’ʷəbz,fieldwork,fieldwork
замок,Большой Кичмай,kʲ’,кIь,ʔʷət’kʲ’əbz,fieldwork,fieldwork
замок,Псейтук,kʲ’,кIь,ʔʷət’kʲ’əbz,fieldwork,fieldwork
замок,Нешукай,t͡ɕ’,кI,ʔʷət͡ɕ’əbz,fieldwork,fieldwork
замок,М. Псеушхо,ʔʷ,Iу,ʔʷət’ʷəbz,fieldwork,fieldwork
замок,Уляп,t͡ɕ’,кI,ʔʷənt͡ɕ’əbzɐ,fieldwork,fieldwork
замок,Вакожиле,t͡ɕ’,кI,ʔʷənt͡ɕ’əbzɐ,fieldwork,fieldwork
замок,Ходзь,t͡ɕ’,кI,ʔʷənt͡ɕ’əbzɐ,fieldwork,fieldwork
замок,Блечепсин,t͡ɕ’,кI,ʔʷənt͡ɕ’əbzɐ,fieldwork,fieldwork
замок,Хумара,t͡ɕ’,кI,ʔʷənt͡ɕ’əbzɐ,fieldwork,fieldwork
замок,Инджиджишхо,t͡ɕ’,кI,ʔʷənt͡ɕ’əbzɐ,fieldwork,fieldwork
замок,Эрсакон,t͡ɕ’,кI,ʔʷənt͡ɕ’əbzɐ,fieldwork,fieldwork
замок,Жако,t͡ɕ’,кI,ʔʷənt͡ɕ’əbzɐ,fieldwork,fieldwork
"земля, почва",Хаджико,t͡ɕ’,кI,t͡ɕ’əɡʷə,fieldwork,fieldwork
"земля, почва",Агуй-Шапсуг,t͡ɕ,ч,t͡ɕəɡʷə,fieldwork,fieldwork
"земля, почва",М. Псеушхо,t͡ɕ’,кI,t͡ɕ’əɡʷə,fieldwork,fieldwork
"земля, почва",Уляп,t͡ʃ’,чI,t͡ʃ’əɡʷ,fieldwork,fieldwork
"земля, почва",Вакожиле,t͡ʃ’,чI,t͡ʃ’əɡʷ,fieldwork,fieldwork
"земля, почва",Бесленей,t͡ʃ’,чI,t͡ʃ’əɡʷ,fieldwork,fieldwork
"земля, почва",Кургоковское,t͡ʃ’,чI,t͡ʃ’əɡʷ,fieldwork,fieldwork
"земля, почва",Ходзь,ŝ’,шI,ŝ’əɡʷ,fieldwork,fieldwork
"земля, почва",Блечепсин,ŝ’,шI,ŝ’əɡʷ,fieldwork,fieldwork
"земля, почва",Хумара,ŝ’,шI,ŝ’əɡʷ,fieldwork,fieldwork
"земля, почва",Инджиджишхо,ŝ’,шI,ŝ’əɡʷ,fieldwork,fieldwork
"земля, почва",Эрсакон,ŝ’,шI,ŝ’əɡʷ,fieldwork,fieldwork
"земля, почва",Жако,ŝ’,шI,ŝ’əɡʷ,fieldwork,fieldwork
зуб,Хаджико,t͡s,ц,t͡sɐ,fieldwork,fieldwork
зуб,Большой Кичмай,t͡s,ц,t͡sɐ,fieldwork,fieldwork
зуб,Псебе,t͡s,ц,t͡sɐ,fieldwork,fieldwork
зуб,Агуй-Шапсуг,t͡sː,ц:,t͡sːɐ,fieldwork,fieldwork
зуб,Псейтук,t͡s,ц,t͡sɐ,fieldwork,fieldwork
зуб,Нешукай,t͡s,ц,t͡sɐ,fieldwork,fieldwork
зуб,Б. Псеушхо,t͡s,ц,t͡sɐ,fieldwork,fieldwork
зуб,Егерухай,t͡s,ц,t͡sɐ,fieldwork,fieldwork
зуб,М. Псеушхо,t͡s,ц,t͡sɐ,fieldwork,fieldwork
зуб,Уляп,d͡z,дз,d͡zɐ,fieldwork,fieldwork
зуб,Вакожиле,d͡z,дз,d͡zɐ,fieldwork,fieldwork
зуб,Бесленей,d͡z,дз,d͡zɐ,fieldwork,fieldwork
зуб,Кургоковское,d͡z,дз,d͡zɐ,fieldwork,fieldwork
зуб,Ходзь,d͡z,дз,d͡zɐ,fieldwork,fieldwork
зуб,Блечепсин,d͡z,дз,d͡zɐ,fieldwork,fieldwork
зуб,Хумара,d͡z,дз,d͡zɐ,fieldwork,fieldwork
зуб,Инджиджишхо,d͡z,дз,d͡zɐ,fieldwork,fieldwork
зуб,Эрсакон,d͡z,дз,d͡zɐ,fieldwork,fieldwork
зуб,Жако,d͡z,дз,d͡zɐ,fieldwork,fieldwork
имя,Хаджико,t͡s’,цI,t͡s’ɐ,fieldwork,fieldwork
имя,Большой Кичмай,t͡s’,цI,t͡s’ɐ,fieldwork,fieldwork
имя,Псебе,s’,сI,s’ɐ,fieldwork,fieldwork
имя,Агуй-Шапсуг,s’,сI,s’ɐ,fieldwork,fieldwork
имя,Псейтук,t͡s’,цI,t͡s’ɐ,fieldwork,fieldwork
имя,Нешукай,t͡s’,цI,t͡s’ɐ,fieldwork,fieldwork
имя,М. Псеушхо,t͡s’,цI,t͡s’ɐ,fieldwork,fieldwork
имя,Уляп,t͡s’,цI,t͡s’ɐ,fieldwork,fieldwork
имя,Вакожиле,t͡s’,цI,t͡s’ɐ,fieldwork,fieldwork
имя,Бесленей,t͡s’,цI,t͡s’ɐ,fieldwork,fieldwork
имя,Кургоковское,t͡s’,цI,t͡s’ɐ,fieldwork,fieldwork
имя,Ходзь,t͡s’,цI,t͡s’ɐ,fieldwork,fieldwork
имя,Блечепсин,t͡s’,цI,t͡s’ɐ,fieldwork,fieldwork
имя,Хумара,t͡s’,цI,t͡s’ɐ,fieldwork,fieldwork
имя,Инджиджишхо,t͡s’,цI,t͡s’ɐ,fieldwork,fieldwork
имя,Эрсакон,t͡s’,цI,t͡s’ɐ,fieldwork,fieldwork
имя,Жако,t͡s’,цI,t͡s’ɐ,fieldwork,fieldwork
колено,Хаджико,d͡ʑ,дж,ɬɐɡʷad͡ʑ,fieldwork,fieldwork
колено,Большой Кичмай,d͡ʑ,дж,ɬɐkʷad͡ʑ,fieldwork,fieldwork
колено,Псебе,d͡ʑ,дж,ɬɐkʷad͡ʑ,fieldwork,fieldwork
колено,Агуй-Шапсуг,d͡ʑ,дж,ɬɐkʷad͡ʑ,fieldwork,fieldwork
колено,Псейтук,d͡ʑ,дж,ɬɐkʷad͡ʑ,fieldwork,fieldwork
колено,Нешукай,d͡ʑ,джъ,ɬɐɡʷad͡ʒ,fieldwork,fieldwork
колено,Б. Псеушхо,d͡ʑ,дж,ɬɐkʷad͡ʑ,fieldwork,fieldwork
колено,Егерухай,d͡ʑ,дж,ɬɐɡʷand͡ʑ,fieldwork,fieldwork
колено,М. Псеушхо,d͡ʑ,дж,ɬɐɡʷad͡ʑ,fieldwork,fieldwork
колено,Уляп,ʒ,ж,ɬɐɡʷaʒɐ,fieldwork,fieldwork
колено,Вакожиле,d͡ʒ,джъ,ɬɐɡʷand͡ʒɐ,fieldwork,fieldwork
колено,Бесленей,d͡ʒ,джъ,ɬɐɡʷand͡ʒɐ,fieldwork,fieldwork
колено,Кургоковское,d͡ʑ,дж,ɬɐɡʷand͡ʑɐ,fieldwork,fieldwork
колено,Ходзь,d͡ʒ,джъ,ɬɐɡʷand͡ʒɐ,fieldwork,fieldwork
колено,Блечепсин,d͡ʑ,дж,ɬɐɡʷand͡ʑɐ,fieldwork,fieldwork
колено,Хумара,ʒ,ж,ɬɐɡʷa(n)ʒɐ,fieldwork,fieldwork
колено,Инджиджишхо,ẑ,жъ,ɬɐɡʷanẑɐ,fieldwork,fieldwork
колено,Эрсакон,ẑ,жъ,ɬɐɡʷanẑɐ,fieldwork,fieldwork
колено,Жако,d͡ʑ,дж,ɬɐɡʷand͡ʑɐ,fieldwork,fieldwork
корова,Хаджико,t͡ɕ,ч,t͡ɕɐmə,fieldwork,fieldwork
корова,Большой Кичмай,t͡ɕ,ч,t͡ɕɐmə,fieldwork,fieldwork
корова,Агуй-Шапсуг,t͡ɕ,ч,t͡ɕɐmə,fieldwork,fieldwork
корова,Псейтук,t͡ɕ,ч,t͡ɕɐmə,fieldwork,fieldwork
корова,Нешукай,t͡ɕ,ч,t͡ɕɐmə,fieldwork,fieldwork
корова,М. Псеушхо,t͡ɕ,ч,t͡ɕɐmə,fieldwork,fieldwork
корова,Уляп,ʑ,жь,ʑɐm,fieldwork,fieldwork
корова,Вакожиле,ʑ,жь,ʑɐm,fieldwork,fieldwork
корова,Кургоковское,d͡ʑ,дж,d͡ʑɐm,fieldwork,fieldwork
корова,Ходзь,ʑ,жь,ʑɐm,fieldwork,fieldwork
корова,Блечепсин,ʑ,жь,ʑɐm,fieldwork,fieldwork
корова,Хумара,ʑ,жь,ʑɐm,fieldwork,fieldwork
корова,Инджиджишхо,ʒ,ж,ʒɐm,fieldwork,fieldwork
корова,Эрсакон,ʑ,жь,ʑɐm,fieldwork,fieldwork
корова,Жако,ʒ,ж,ʒɐm,fieldwork,fieldwork
коса,Хаджико,t͡ɕ,ч,t͡ɕɐmɐɡʲ,fieldwork,fieldwork
коса,Большой Кичмай,t͡ɕ,ч,t͡ɕɐmɐɡʲ,fieldwork,fieldwork
коса,Агуй-Шапсуг,xʲ,х’,xʲɐmɐɡʲ,fieldwork,fieldwork
коса,Псейтук,ɕʰ,щh,t͡ɕɐmɐɡʲ,fieldwork,fieldwork
коса,Нешукай,ɕ,щ,ɕɐmɐd͡ʑ,fieldwork,fieldwork
коса,М. Псеушхо,ʃ,ш,ʃɐmɐd͡ʑ,fieldwork,fieldwork
коса,Уляп,ɕ,щ,ɕɐmɐd͡ʑ,fieldwork,fieldwork
коса,Вакожиле,ɕ,щ,ɕɐmɐd͡ʑ,fieldwork,fieldwork
коса,Кургоковское,t͡ɕ,ч,t͡ɕɐmɐd͡ʑ,fieldwork,fieldwork
коса,Ходзь,ɕ,щ,ɕɐmɐd͡ʑ,fieldwork,fieldwork
коса,Блечепсин,ɕ,щ,ɕɐmɐd͡ʑ,fieldwork,fieldwork
коса,Хумара,ɕ,щ,ɕɐmɐd͡ʑ,fieldwork,fieldwork
коса,Инджиджишхо,ʃ,ш,ʃɐmɐd͡ʑ,fieldwork,fieldwork
коса,Эрсакон,ʃ,ш,ʃɐmɐd͡ʑ,fieldwork,fieldwork
коса,Жако,ʃ,ш,ʃɐmɐd͡ʑ,fieldwork,fieldwork
кошка,Хаджико,kʲ,кь,kʲɐtəw,fieldwork,fieldwork
кошка,Большой Кичмай,kʲ,кь,kʲɐtəw,fieldwork,fieldwork
кошка,Агуй-Шапсуг,kʲː,кь:,kʲːɐtːəwə,fieldwork,fieldwork
кошка,Псейтук,kʲ,кь,kʲɐtəw,fieldwork,fieldwork
кошка,Нешукай,t͡ɕ,ч,t͡ɕɐtəw,fieldwork,fieldwork
кошка,М. Псеушхо,t͡ɕ,ч,t͡ɕɐtəw,fieldwork,fieldwork
кошка,Уляп,d͡ʑ,дж,d͡ʑedəw,fieldwork,fieldwork
кошка,Вакожиле,d͡ʑ,дж,d͡ʑedəw,fieldwork,fieldwork
кошка,Кургоковское,d͡ʑ,дж,d͡ʑedəw,fieldwork,fieldwork
кошка,Ходзь,d͡ʑ,дж,d͡ʑedəwəw,fieldwork,fieldwork
кошка,Блечепсин,d͡ʑ,дж,d͡ʑedəw,fieldwork,fieldwork
кошка,Хумара,d͡ʑ,дж,d͡ʑedəw,fieldwork,fieldwork
кошка,Инджиджишхо,d͡ʑ,дж,d͡ʑedəw,fieldwork,fieldwork
кошка,Эрсакон,d͡ʑ,дж,d͡ʑedəw,fieldwork,fieldwork
кошка,Жако,d͡ʑ,дж,d͡ʑedəw,fieldwork,fieldwork
кошка 2,Хаджико,t,т,kʲɐtəw,fieldwork,fieldwork
кошка 2,Большой Кичмай,t,т,kʲɐtəw,fieldwork,fieldwork
кошка 2,Агуй-Шапсуг,tː,т:,kʲːɐtːəwə,fieldwork,fieldwork
кошка 2,Псейтук,t,т,kʲɐtəw,fieldwork,fieldwork
кошка 2,Нешукай,t,т,t͡ɕɐtəw,fieldwork,fieldwork
кошка 2,М. Псеушхо,t,т,t͡ɕɐtəw,fieldwork,fieldwork
кошка 2,Уляп,d,д,d͡ʑedəw,fieldwork,fieldwork
кошка 2,Вакожиле,d,д,d͡ʑedəw,fieldwork,fieldwork
кошка 2,Кургоковское,d,д,d͡ʑedəw,fieldwork,fieldwork
кошка 2,Ходзь,d,д,d͡ʑedəwəw,fieldwork,fieldwork
кошка 2,Блечепсин,d,д,d͡ʑedəw,fieldwork,fieldwork
кошка 2,Хумара,d,д,d͡ʑedəw,fieldwork,fieldwork
кошка 2,Инджиджишхо,d,д,d͡ʑedəw,fieldwork,fieldwork
кошка 2,Эрсакон,d,д,d͡ʑedəw,fieldwork,fieldwork
кошка 2,Жако,d,д,d͡ʑedəw,fieldwork,fieldwork
крапива,Хаджико,t͡ɕ,ч,pt͡ɕɐsɐn,fieldwork,fieldwork
крапива,Большой Кичмай,ɕ,щ,pɕəsɐn,fieldwork,fieldwork
крапива,Агуй-Шапсуг,ɕ,щ,pɕəsɐn,fieldwork,fieldwork
крапива,Псейтук,ɕ,щ,pɕəstɐn,fieldwork,fieldwork
крапива,Нешукай,ʃ,ш,pʃəsɐn,fieldwork,fieldwork
крапива,М. Псеушхо,t͡ɕ,ч,pt͡ɕɐsɐn,fieldwork,fieldwork
крыло,Хаджико,t,т,tamɐ,fieldwork,fieldwork
крыло,Большой Кичмай,t,т,tamɐ,fieldwork,fieldwork
крыло,Агуй-Шапсуг,tː,т:,tːamɐ,fieldwork,fieldwork
крыло,Псейтук,t,т,tamɐ,fieldwork,fieldwork
крыло,Нешукай,t,т,tamɐ,fieldwork,fieldwork
крыло,Егерухай,t,т,tamɐ,fieldwork,fieldwork
крыло,М. Псеушхо,t,т,tamɐ,fieldwork,fieldwork
крыло,Уляп,d,д,damɐ,fieldwork,fieldwork
крыло,Вакожиле,d,д,damɐ,fieldwork,fieldwork
крыло,Кургоковское,d,д,damɐ,fieldwork,fieldwork
крыло,Ходзь,d,д,damɐ,fieldwork,fieldwork
крыло,Блечепсин,d,д,damɐ,fieldwork,fieldwork
крыло,Хумара,d,д,damɐ,fieldwork,fieldwork
крыло,Инджиджишхо,d,д,damɐ,fieldwork,fieldwork
крыло,Эрсакон,d,д,damɐ,fieldwork,fieldwork
крыло,Жако,d,д,damɐ,fieldwork,fieldwork
кувшин,Хаджико,qʷ,къу,qʷɐɕən,fieldwork,fieldwork
кувшин,Большой Кичмай,qʷ,къу,qʷɐɕən,fieldwork,fieldwork
кувшин,Псейтук,qʰʷ,кхъу,qʰʷɐɕʰən,fieldwork,fieldwork
кувшин,Нешукай,qʰʷ,кхъу,qʰʷɐʃən,fieldwork,fieldwork
кувшин,М. Псеушхо,qʷ,къу,qʷɐʃən,fieldwork,fieldwork
кувшин,Уляп,qʰʷ,кxъу,qʰʷɐʃən,fieldwork,fieldwork
кувшин,Вакожиле,qʰʷ,кxъу,qʰʷɐʃən,fieldwork,fieldwork
кувшин,Ходзь,qχʷ,кxъу,qχʷɐʃən,fieldwork,fieldwork
кувшин,Блечепсин,qχʷ,кxъу,qχʷɐʃən,fieldwork,fieldwork
кувшин,Хумара,qχʷ,кxъу,qχʷɐŝən,fieldwork,fieldwork
кувшин,Инджиджишхо,qχʷ,кxъу,qχʷɐŝən,fieldwork,fieldwork
кувшин,Эрсакон,qχʷ,кxъу,qχʷɐŝən,fieldwork,fieldwork
кувшин,Жако,qχʷ,кxъу,qχʷɐŝən,fieldwork,fieldwork
курица,Хаджико,kʲ,кь,kʲɐtə,fieldwork,fieldwork
курица,Большой Кичмай,kʲ,кь,kʲɐtə,fieldwork,fieldwork
курица,Агуй-Шапсуг,kʲː,кь,kʲːɐtːə,fieldwork,fieldwork
курица,Псейтук,kʲ,кь,kʲɐtə,fieldwork,fieldwork
курица,Нешукай,t͡ɕ,ч,t͡ɕɐtə,fieldwork,fieldwork
курица,М. Псеушхо,t͡ɕ,ч,t͡ɕɐtə,fieldwork,fieldwork
курица,Уляп,d͡ʑ,дж,d͡ʑɐd,fieldwork,fieldwork
курица,Вакожиле,d͡ʑ,дж,d͡ʑɐd,fieldwork,fieldwork
курица,Кургоковское,d͡ʑ,дж,d͡ʑɐd,fieldwork,fieldwork
курица,Ходзь,d͡ʑ,дж,d͡ʑɐd,fieldwork,fieldwork
курица,Блечепсин,d͡ʑ,дж,d͡ʑɐd,fieldwork,fieldwork
курица,Хумара,d͡ʑ,дж,d͡ʑɐd,fieldwork,fieldwork
курица,Инджиджишхо,d͡ʑ,дж,d͡ʑɐd,fieldwork,fieldwork
курица,Эрсакон,d͡ʑ,дж,d͡ʑɐd,fieldwork,fieldwork
курица,Жако,d͡ʑ,дж,d͡ʑɐd,fieldwork,fieldwork
курица 2,Хаджико,t,кь,kʲɐtə,fieldwork,fieldwork
курица 2,Большой Кичмай,t,кь,kʲɐtə,fieldwork,fieldwork
курица 2,Агуй-Шапсуг,tː,кь,kʲːɐtːə,fieldwork,fieldwork
курица 2,Псейтук,t,кь,kʲɐtə,fieldwork,fieldwork
курица 2,Нешукай,t,ч,t͡ɕɐtə,fieldwork,fieldwork
курица 2,М. Псеушхо,t,ч,t͡ɕɐtə,fieldwork,fieldwork
курица 2,Уляп,d,дж,d͡ʑɐd,fieldwork,fieldwork
курица 2,Вакожиле,d,дж,d͡ʑɐd,fieldwork,fieldwork
курица 2,Кургоковское,d,дж,d͡ʑɐd,fieldwork,fieldwork
курица 2,Ходзь,d,дж,d͡ʑɐd,fieldwork,fieldwork
курица 2,Блечепсин,d,дж,d͡ʑɐd,fieldwork,fieldwork
курица 2,Хумара,d,дж,d͡ʑɐd,fieldwork,fieldwork
курица 2,Инджиджишхо,d,дж,d͡ʑɐd,fieldwork,fieldwork
курица 2,Эрсакон,d,дж,d͡ʑɐd,fieldwork,fieldwork
курица 2,Жако,d,дж,d͡ʑɐd,fieldwork,fieldwork
куст,Хаджико,d,д,kʷadɐ,fieldwork,fieldwork
куст,Большой Кичмай,d,д,qʷadɐ,fieldwork,fieldwork
куст,Агуй-Шапсуг,rd,рд,kʷardɐ,fieldwork,fieldwork
куст,Псейтук,nd,нд,kʷandɐ,fieldwork,fieldwork
куст,Нешукай,nd,нд,kʷandɐ,fieldwork,fieldwork
куст,М. Псеушхо,d,д,kʷadɐ,fieldwork,fieldwork
куст,Уляп,nd,нд,kʷandɐ,fieldwork,fieldwork
ласточка,Хаджико,ɕχʷ,щхъу,pt͡s’aɕχʷɐ,fieldwork,fieldwork
ласточка,Большой Кичмай,ɕχʷ,щхъу,pt͡s’aɕχʷɐ,fieldwork,fieldwork
ласточка,Агуй-Шапсуг,ʃχʷ,шхъу,pt͡s’aʃχʷ,fieldwork,fieldwork
ласточка,Псейтук,ŝχʷ,шъхъу,ps’aŝχʷə,fieldwork,fieldwork
ласточка,Нешукай,ʃχʷ,шхъу,pt͡s’aʃχʷ,fieldwork,fieldwork
ласточка,М. Псеушхо,ʃχʷ,шхъу,pt͡s’aʃχʷ,fieldwork,fieldwork
ласточка,Уляп,ʃχʷ,шхъу,pt͡s’aʃχʷ,fieldwork,fieldwork
ласточка,Вакожиле,ʃχʷ,шхъу,pt͡s’aʃχʷ,fieldwork,fieldwork
ласточка,Ходзь,ʃχʷ,шхъу,pt͡s’aʃχʷ,fieldwork,fieldwork
ласточка,Блечепсин,ʃχʷ,шхъу,pt͡s’aʃχʷ,fieldwork,fieldwork
ласточка,Хумара,ŝχʷ,шъхъу,ps’aŝχʷə,fieldwork,fieldwork
ласточка,Инджиджишхо,ŝχʷ,шъхъу,ps’aŝχʷə,fieldwork,fieldwork
ласточка,Эрсакон,ŝχʷ,шъхъу,ps’aŝχʷə,fieldwork,fieldwork
ласточка,Жако,ŝχʷ,шъхъу,ps’aŝχʷə,fieldwork,fieldwork
лиса,Хаджико,d͡ʑ,дж,bad͡ʑɐ,fieldwork,fieldwork
лиса,Большой Кичмай,d͡ʑ,дж,bad͡ʑɐ,fieldwork,fieldwork
лиса,Агуй-Шапсуг,d͡ʑ,дж,bad͡ʑɐ,fieldwork,fieldwork
лиса,Псейтук,d͡ʑ,дж,bad͡ʑɐ,fieldwork,fieldwork
лиса,Нешукай,d͡ʑ,дж,bad͡ʑɐ,fieldwork,fieldwork
лиса,М. Псеушхо,d͡ʑ,дж,bad͡ʑɐ,fieldwork,fieldwork
лиса,Уляп,ʑ,жь,baʑɐ,fieldwork,fieldwork
лиса,Вакожиле,ʑ,жь,baʑɐ,fieldwork,fieldwork
лиса,Кургоковское,d͡ʑ,дж,bad͡ʑɐ,fieldwork,fieldwork
лиса,Ходзь,ʑ,жь,baʑɐ,fieldwork,fieldwork
лиса,Блечепсин,ʑ,жь,baʑɐ,fieldwork,fieldwork
лиса,Хумара,ʑ,жь,baʑɐ,fieldwork,fieldwork
лиса,Инджиджишхо,ʒ,ж,baʒɐ,fieldwork,fieldwork
лиса,Эрсакон,ʑ,жь,baʑɐ,fieldwork,fieldwork
лиса,Жако,ʒ,ж,baʒɐ,fieldwork,fieldwork
ложь,Хаджико,t͡s’,цI,pt͡s’ə,fieldwork,fieldwork
ложь,Большой Кичмай,t͡s’,цI,pt͡s’ə,fieldwork,fieldwork
ложь,Агуй-Шапсуг,s’,сI,ps’ə,fieldwork,fieldwork
ложь,Псейтук,t͡s’,цI,pt͡s’ə,fieldwork,fieldwork
ложь,Нешукай,t͡s’,цI,pt͡s’ə,fieldwork,fieldwork
ложь,М. Псеушхо,t͡s’,цI,pt͡s’ə,fieldwork,fieldwork
ложь,Ходзь,t͡s’,цI,pt͡s’ə,fieldwork,fieldwork
ложь,Блечепсин,t͡s’,цI,pt͡s’ə,fieldwork,fieldwork
ложь,Хумара,t͡s’,цI,pt͡s’ə,fieldwork,fieldwork
ложь,Инджиджишхо,t͡s’,цI,pt͡s’ə,fieldwork,fieldwork
ложь,Эрсакон,t͡s’,цI,pt͡s’ə,fieldwork,fieldwork
ложь,Жако,t͡s’,цI,pt͡s’ə,fieldwork,fieldwork
"лошадь, конь",Хаджико,t͡ɕ,ч,t͡ɕə,fieldwork,fieldwork
"лошадь, конь",Большой Кичмай,t͡ɕ,ч,t͡ɕə,fieldwork,fieldwork
"лошадь, конь",Псебе,xʲ,х’,xʲə,fieldwork,fieldwork
"лошадь, конь",Агуй-Шапсуг,xʲ,х’,xʲə,fieldwork,fieldwork
"лошадь, конь",Псейтук,ɕʰ,щh,ɕʰə,fieldwork,fieldwork
"лошадь, конь",М. Псеушхо,ʃ,ш,ʃə,fieldwork,fieldwork
"лошадь, конь",Уляп,ʃ,ш,ʃə,fieldwork,fieldwork
"лошадь, конь",Вакожиле,ʃ,ш,ʃə,fieldwork,fieldwork
"лошадь, конь",Кургоковское,t͡ʃ,чъ,t͡ʃə,fieldwork,fieldwork
"лошадь, конь",Ходзь,ɕ,щ,ɕə,fieldwork,fieldwork
"лошадь, конь",Блечепсин,ɕ,щ,ɕə,fieldwork,fieldwork
"лошадь, конь",Хумара,ɕ,щ,ɕə,fieldwork,fieldwork
"лошадь, конь",Инджиджишхо,ʃ,ш,ʃə,fieldwork,fieldwork
"лошадь, конь",Эрсакон,ɕ,щ,ɕə,fieldwork,fieldwork
"лошадь, конь",Жако,ʃ,ш,ʃə,fieldwork,fieldwork
лук,Хаджико,ʑ,жь,bʑənɐ,fieldwork,fieldwork
лук,Большой Кичмай,ʑ,жь,bʑənɐ,fieldwork,fieldwork
лук,Агуй-Шапсуг,ʑ,жь,bʑənə,fieldwork,fieldwork
лук,Псейтук,ʑ,жь,bʑənə,fieldwork,fieldwork
лук,Нешукай,ʑ,жь,bʑən,fieldwork,fieldwork
лук,М. Псеушхо,ʒ,ж,bʒənə,fieldwork,fieldwork
лук,Уляп,ʑ,жь,bʑən,fieldwork,fieldwork
лук,Вакожиле,ʑ,жь,bʑən,fieldwork,fieldwork
лук,Кургоковское,ʑ,жь,bʑən,fieldwork,fieldwork
лук,Ходзь,ẑ,жъ,bẑən,fieldwork,fieldwork
лук,Блечепсин,ʑ,жь,bʑən,fieldwork,fieldwork
лук,Хумара,ẑ,жъ,bẑən,fieldwork,fieldwork
лук,Инджиджишхо,ẑ,жъ,bẑən,fieldwork,fieldwork
лук,Эрсакон,ẑ,жъ,bẑən,fieldwork,fieldwork
лук,Жако,ẑ,жъ,bẑən,fieldwork,fieldwork
маленький,Хаджико,k’ʷ,кIу,t͡sək’ʷ,fieldwork,fieldwork
маленький,Большой Кичмай,k’ʷ,кIу,t͡sək’ʷ,fieldwork,fieldwork
маленький,Псебе,k’ʷ,кIу,t͡sək’ʷ,fieldwork,fieldwork
маленький,Агуй-Шапсуг,k’ʷ,кIу,t͡sək’ʷənjaw,fieldwork,fieldwork
маленький,Псейтук,k’ʷ,кIу,t͡sək’ʷ,fieldwork,fieldwork
маленький,Нешукай,k’ʷ,кIу,t͡sək’ʷ,fieldwork,fieldwork
маленький,М. Псеушхо,k’ʷ,кIу,t͡sək’ʷ,fieldwork,fieldwork
маленький,Уляп,k’ʷ,кIу,t͡sək’ʷ,fieldwork,fieldwork
маленький,Вакожиле,k’ʷ,кIу,t͡sək’ʷ,fieldwork,fieldwork
маленький,Бесленей,k’ʷ,кIу,t͡sək’ʷ,fieldwork,fieldwork
маленький,Ходзь,k’,кI,t͡sək’,fieldwork,fieldwork
маленький,Блечепсин,k’,кI,t͡sək’,fieldwork,fieldwork
маленький,Хумара,k’,кI,t͡sək’,fieldwork,fieldwork
маленький,Инджиджишхо,k’ʷ,кIу,t͡sək’ʷ,fieldwork,fieldwork
маленький,Эрсакон,k’ʷ,кIу,t͡sək’ʷ,fieldwork,fieldwork
маленький,Жако,k’ʷ,кIу,t͡sək’ʷ,fieldwork,fieldwork
мокрый,Хаджико,t͡s’,цI,t͡s’ənɐ,fieldwork,fieldwork
мокрый,Большой Кичмай,t͡s’,цI,t͡s’ənɐ,fieldwork,fieldwork
мокрый,Агуй-Шапсуг,s’,сI,s’ənɐ,fieldwork,fieldwork
мокрый,Псейтук,t͡s’,цI,t͡s’ənɐ,fieldwork,fieldwork
мокрый,Нешукай,t͡s’,цI,t͡s’ənɐ,fieldwork,fieldwork
мокрый,М. Псеушхо,t͡s’,цI,t͡s’ənɐ,fieldwork,fieldwork
мокрый,Уляп,t͡s’,цI,t͡s’ənɐ,fieldwork,fieldwork
мокрый,Вакожиле,t͡s’,цI,t͡s’ənɐ,fieldwork,fieldwork
мокрый,Ходзь,t͡s’,цI,t͡s’ənɐ,fieldwork,fieldwork
мокрый,Блечепсин,t͡s’,цI,t͡s’ənɐ,fieldwork,fieldwork
мокрый,Хумара,t͡s’,цI,t͡s’ənɐ,fieldwork,fieldwork
мокрый,Инджиджишхо,t͡s’,цI,t͡s’ənɐ,fieldwork,fieldwork
мокрый,Эрсакон,t͡s’,цI,t͡s’ənɐ,fieldwork,fieldwork
мокрый,Жако,t͡s’,цI,t͡s’ənɐ,fieldwork,fieldwork
молоко,Хаджико,t͡ɕ,ч,t͡ɕɐ,fieldwork,fieldwork
молоко,Большой Кичмай,t͡ɕ,ч,t͡ɕɐ,fieldwork,fieldwork
молоко,Агуй-Шапсуг,xʲ,х’,xʲɐ,fieldwork,fieldwork
молоко,Псейтук,ɕʰ,щh,ɕʰɐ,fieldwork,fieldwork
молоко,Нешукай,ɕʰ,щh,ɕʰɐ,fieldwork,fieldwork
молоко,М. Псеушхо,ʃ,ш,ʃɐ,fieldwork,fieldwork
молоко,Уляп,ɕ,щ,ɕɐ,fieldwork,fieldwork
молоко,Вакожиле,ɕ,щ,ɕɐ,fieldwork,fieldwork
молоко,Кургоковское,t͡ɕ,ч,t͡ɕɐ,fieldwork,fieldwork
молоко,Ходзь,ɕ,щ,ɕɐ,fieldwork,fieldwork
молоко,Блечепсин,ɕ,щ,ɕɐ,fieldwork,fieldwork
молоко,Хумара,ɕ,щ,ɕɐ,fieldwork,fieldwork
молоко,Инджиджишхо,ʃ,ш,ʃɐ,fieldwork,fieldwork
молоко,Эрсакон,ʃ,ш,ʃɐ,fieldwork,fieldwork
молоко,Жако,ʃ,ш,ʃɐ,fieldwork,fieldwork
мост,Хаджико,d͡ʑ,дж,ɬɐməd͡ʑ,fieldwork,fieldwork
мост,Большой Кичмай,d͡ʑ,дж,ɬɐməd͡ʑ,fieldwork,fieldwork
мост,Агуй-Шапсуг,d͡ʑ,дж,ɬɐməd͡ʑ,fieldwork,fieldwork
мост,Псейтук,d͡ʑ,дж,ɬɐməd͡ʑ,fieldwork,fieldwork
мост,Нешукай,d͡ʑ,дж,ɬɐməd͡ʑ,fieldwork,fieldwork
мост,М. Псеушхо,d͡ʑ,дж,ɬɐməd͡ʑ,fieldwork,fieldwork
мост,Уляп,ʑ,жь,ɬɐməʑ,fieldwork,fieldwork
мост,Вакожиле,ʑ,жь,ɬɐməʑ,fieldwork,fieldwork
мост,Кургоковское,d͡ʑ,дж,ɬɐməd͡ʑ,fieldwork,fieldwork
мост,Ходзь,ʑ,жь,ɬɐməʑ,fieldwork,fieldwork
мост,Блечепсин,ẑ,жъ,ɬɐməẑ,fieldwork,fieldwork
мост,Хумара,ʑ,жь,ɬɐməʑ,fieldwork,fieldwork
мост,Инджиджишхо,ʒ,ж,ɬɐməʒ,fieldwork,fieldwork
мост,Эрсакон,ʑ,жь,ɬɐməʑ,fieldwork,fieldwork
мост,Жако,ʒ,ж,ɬɐməʒ,fieldwork,fieldwork
мышь,Хаджико,t͡s,ц,t͡səʁʷɐ,fieldwork,fieldwork
мышь,Большой Кичмай,t͡s,ц,t͡səʁʷɐ,fieldwork,fieldwork
мышь,Агуй-Шапсуг,t͡s,ц,t͡səʁʷɐ,fieldwork,fieldwork
мышь,Псейтук,t͡s,ц,t͡səʁʷɐ,fieldwork,fieldwork
мышь,Нешукай,t͡s,ц,t͡səʁʷɐ,fieldwork,fieldwork
мышь,М. Псеушхо,t͡s,ц,t͡səʁʷɐ,fieldwork,fieldwork
мышь,Уляп,d͡z,дз,d͡zəʁʷɐ,fieldwork,fieldwork
мышь,Вакожиле,d͡z,дз,d͡zəʁʷɐ,fieldwork,fieldwork
мышь,Кургоковское,d͡z,дз,d͡zəʁʷɐ,fieldwork,fieldwork
мышь,Ходзь,d͡z,дз,d͡zəʁʷɐ,fieldwork,fieldwork
мышь,Блечепсин,d͡z,дз,d͡zəʁʷɐ,fieldwork,fieldwork
мышь,Хумара,d͡z,дз,d͡zəʁʷɐ,fieldwork,fieldwork
мышь,Инджиджишхо,d͡z,дз,d͡zəʁʷɐ,fieldwork,fieldwork
мышь,Эрсакон,d͡z,дз,d͡zəʁʷɐ,fieldwork,fieldwork
мышь,Жако,d͡z,дз,d͡zəʁʷɐ,fieldwork,fieldwork
нос,Хаджико,p,п,pɐ,fieldwork,fieldwork
нос,Большой Кичмай,p,п,pɐ,fieldwork,fieldwork
нос,Псебе,p,п,pɐ,fieldwork,fieldwork
нос,Агуй-Шапсуг,p,п,pɐ,fieldwork,fieldwork
нос,Псейтук,pʰ,пh,pʰɐ,fieldwork,fieldwork
нос,Нешукай,pʰ,пh,pʰɐ,fieldwork,fieldwork
нос,Б. Псеушхо,p,п,pɐ,fieldwork,fieldwork
нос,Егерухай,p,п,pɐ,fieldwork,fieldwork
нос,М. Псеушхо,p,п,pɐ,fieldwork,fieldwork
нос,Уляп,p,п,pɐ,fieldwork,fieldwork
нос,Вакожиле,p,п,pɐ,fieldwork,fieldwork
нос,Бесленей,p,п,pɐ,fieldwork,fieldwork
нос,Кургоковское,p,п,pɐ,fieldwork,fieldwork
нос,Ходзь,p,п,pɐ,fieldwork,fieldwork
нос,Блечепсин,p,п,pɐ,fieldwork,fieldwork
нос,Хумара,p,п,pɐ,fieldwork,fieldwork
нос,Инджиджишхо,p,п,pɐ,fieldwork,fieldwork
нос,Эрсакон,p,п,pɐ,fieldwork,fieldwork
нос,Жако,p,п,pɐ,fieldwork,fieldwork
ночь,Хаджико,t͡ɕ,ч,t͡ɕɐɕə,fieldwork,fieldwork
ночь,Большой Кичмай,t͡ɕ,ч,t͡ɕɐɕə,fieldwork,fieldwork
ночь,Псебе,t͡ɕ,ч,t͡ɕɐɕə,fieldwork,fieldwork
ночь,Агуй-Шапсуг,t͡ɕ,ч,t͡ɕɐɕə,fieldwork,fieldwork
ночь,Псейтук,t͡ɕ,ч,t͡ɕɐɕə,fieldwork,fieldwork
ночь,Нешукай,t͡ɕ,ч,t͡ɕɐɕə,fieldwork,fieldwork
ночь,М. Псеушхо,t͡ɕ,ч,t͡ɕɐʃə,fieldwork,fieldwork
ночь,Уляп,d͡ʑ,дж,d͡ʑɐɕ,fieldwork,fieldwork
ночь,Вакожиле,ʒ,ж,жэщ,fieldwork,fieldwork
ночь,Бесленей,ʒ,ж,жэщ,fieldwork,fieldwork
ночь,Кургоковское,d͡ʑ,дж,d͡ʑɐɕ,fieldwork,fieldwork
ночь,Ходзь,ʑ,жь,ʑɐɕ,fieldwork,fieldwork
ночь,Блечепсин,ʑ,жь,ʑɐɕ,fieldwork,fieldwork
ночь,Хумара,ʑ,жь,ʑɐŝ,fieldwork,fieldwork
ночь,Инджиджишхо,ʒ,ж,ʒɐŝ,fieldwork,fieldwork
ночь,Эрсакон,ʑ,жь,ʑɐŝ,fieldwork,fieldwork
ночь,Жако,ʒ,ж,ʒɐŝ,fieldwork,fieldwork
отец,Хаджико,t,т,tə,fieldwork,fieldwork
отец,Большой Кичмай,t,т,tə,fieldwork,fieldwork
отец,Агуй-Шапсуг,tː,т:,tːə,fieldwork,fieldwork
отец,Псейтук,t,т,tə,fieldwork,fieldwork
отец,Нешукай,t,т,tə,fieldwork,fieldwork
отец,Егерухай,t,т,tə,fieldwork,fieldwork
отец,М. Псеушхо,t,т,tə,fieldwork,fieldwork
отец,Уляп,d,д,adɐ,fieldwork,fieldwork
отец,Вакожиле,d,д,adɐ,fieldwork,fieldwork
отец,Кургоковское,d,д,adɐ,fieldwork,fieldwork
отец,Ходзь,d,д,adɐ,fieldwork,fieldwork
отец,Блечепсин,d,д,adɐ,fieldwork,fieldwork
отец,Хумара,d,д,adɐ,fieldwork,fieldwork
отец,Инджиджишхо,d,д,adɐ,fieldwork,fieldwork
отец,Эрсакон,d,д,adɐ,fieldwork,fieldwork
отец,Жако,d,д,adɐ,fieldwork,fieldwork
палец руки,Хаджико,pχ,пхъ,ʔɐpχab,fieldwork,fieldwork
палец руки,Большой Кичмай,pχ,пхъ,ʔɐpχab,fieldwork,fieldwork
палец руки,Агуй-Шапсуг,pχ,пхъ,ʔɐpχab,fieldwork,fieldwork
палец руки,Псейтук,χʷ,хъу,ʔɐχʷab,fieldwork,fieldwork
палец руки,Нешукай,χʷ,хъу,ʔɐχʷamb,fieldwork,fieldwork
палец руки,Б. Псеушхо,pχ,пхъ,ʔɐpχab,fieldwork,fieldwork
палец руки,Егерухай,χʷ,хъу,ʔɐχʷamb,fieldwork,fieldwork
палец руки,М. Псеушхо,pχ,пхъ,ʔɐpχabɐ,fieldwork,fieldwork
палец руки,Вакожиле,χʷ,хъу,ʔɐχʷambɐ,fieldwork,fieldwork
палец руки,Ходзь,χʷ,хъу,ʔɐχʷambɐ,fieldwork,fieldwork
палец руки,Хумара,χʷ,хъу,ʔɐχʷambɐ,fieldwork,fieldwork
палец руки,Инджиджишхо,χʷ,хъу,ʔɐχʷambɐ,fieldwork,fieldwork
палец руки,Эрсакон,χʷ,хъу,ʔɐχʷambɐ,fieldwork,fieldwork
палец руки,Жако,χʷ,хъу,ʔɐχʷambɐ,fieldwork,fieldwork
палка,Хаджико,t͡ɕ,ч,bɐt͡ɕə,fieldwork,fieldwork
палка,Большой Кичмай,t͡ɕ,ч,bɐt͡ɕ,fieldwork,fieldwork
палка,Агуй-Шапсуг,xʲ,х’,bɐxʲə,fieldwork,fieldwork
палка,Псейтук,ɕʰ,щh,bɐɕʰə,fieldwork,fieldwork
палка,Нешукай,ɕ,щ,baɕ,fieldwork,fieldwork
палка,М. Псеушхо,ʃ,ш,bɐʃə,fieldwork,fieldwork
палка,Уляп,ɕ,щ,baɕ,fieldwork,fieldwork
палка,Вакожиле,ɕ,щ,baɕ,fieldwork,fieldwork
палка,Кургоковское,t͡ɕ,ч,bat͡ɕ,fieldwork,fieldwork
палка,Ходзь,ɕ,щ,baɕ,fieldwork,fieldwork
палка,Блечепсин,ɕ,щ,baɕ,fieldwork,fieldwork
палка,Хумара,ɕ,щ,baɕ,fieldwork,fieldwork
палка,Инджиджишхо,ʃ,ш,baʃ,fieldwork,fieldwork
палка,Эрсакон,ʃ,ш,baʃ,fieldwork,fieldwork
палка,Жако,ʃ,ш,baʃ,fieldwork,fieldwork
парень,Хаджико,t͡ɕ’,кI,t͡ɕ’aɮɐ,fieldwork,fieldwork
парень,Большой Кичмай,t͡ɕ’,кI,t͡ɕ’aɮɐ,fieldwork,fieldwork
парень,Псебе,t͡ɕ’,кI,t͡ɕ’aɮɐ,fieldwork,fieldwork
парень,Агуй-Шапсуг,t͡ɕ’,кI,t͡ɕ’aɮɐ,fieldwork,fieldwork
парень,Псейтук,t͡ɕ’,кI,t͡ɕ’aɮɐ,fieldwork,fieldwork
парень,Нешукай,t͡ɕ’,кI,t͡ɕ’aɮɐ,fieldwork,fieldwork
парень,Егерухай,t͡ɕ’,кI,t͡ɕ’aɮɐ,fieldwork,fieldwork
парень,М. Псеушхо,t͡ɕ’,кI,t͡ɕ’aɮɐ,fieldwork,fieldwork
парень,Кургоковское,t͡ɕ’,кI,t͡ɕ’aɮɐ,fieldwork,fieldwork
парень,Ходзь,ŝ’,шI,ŝ’aɮɐ,fieldwork,fieldwork
парень,Блечепсин,ŝ’,шI,ŝ’aɮɐ,fieldwork,fieldwork
парень,Хумара,ŝ’,шI,ŝ’aɮɐ,fieldwork,fieldwork
парень,Инджиджишхо,ŝ’,шI,ŝ’aɮɐ,fieldwork,fieldwork
парень,Эрсакон,ŝ’,шI,ŝ’aɮɐ,fieldwork,fieldwork
парень,Жако,ŝ’,шI,ŝ’aɮɐ,fieldwork,fieldwork
пахотное поле,Хаджико,bʁ,бгъ,ɡʷəbʁɐ,fieldwork,fieldwork
пахотное поле,Большой Кичмай,bʁ,бгъ,ɡʷəbʁɐ,fieldwork,fieldwork
пахотное поле,Агуй-Шапсуг,bʁ,бгъ,ɡʷəbʁɐ,fieldwork,fieldwork
пахотное поле,Псейтук,bʁ,бгъ,ɡʷəbʁɐ,fieldwork,fieldwork
пахотное поле,Нешукай,bʁʷ,бгъу,ɡʷəbʁʷɐ,fieldwork,fieldwork
пахотное поле,Уляп,bʁ,бгъ,ɡʷəbʁɐ,fieldwork,fieldwork
пахотное поле,Вакожиле,bʁ,бгъ,ɡʷəbʁɐ,fieldwork,fieldwork
пахотное поле,Кургоковское,bʁʷ,бгъу,ɡʷəbʁʷɐ,fieldwork,fieldwork
пахотное поле,Ходзь,bʁʷ,бгъу,ɡʷəbʁʷɐ,fieldwork,fieldwork
пахотное поле,Блечепсин,bʁ,бгъ,ɡʷəbʁɐ,fieldwork,fieldwork
пахотное поле,Эрсакон,bʁʷ,бгъу,ɡʷəbʁʷɐ,fieldwork,fieldwork
пахотное поле,Жако,bʁʷ,бгъу,ɡʷəbʁʷɐ,fieldwork,fieldwork
пшеница,Хаджико,kʷ,ку,kʷɐt͡sə,fieldwork,fieldwork
пшеница,Большой Кичмай,kʷ,ку,kʷɐt͡sə,fieldwork,fieldwork
пшеница,Агуй-Шапсуг,kʷː,ку:,kʷːɐt͡sːə,fieldwork,fieldwork
пшеница,Псейтук,kʰʷ,ку,kʰʷɐt͡sə,fieldwork,fieldwork
пшеница,Нешукай,kʷ,ку,kʷɐt͡s,fieldwork,fieldwork
пшеница,М. Псеушхо,kʷ,ку,kʷɐt͡sə,fieldwork,fieldwork
пшеница,Уляп,ɡʷ,гу,ɡʷɐd͡z,fieldwork,fieldwork
пшеница,Вакожиле,ɡʷ,гу,ɡʷɐd͡zʲ,fieldwork,fieldwork
пшеница,Кургоковское,ɡʷ,гу,ɡʷɐd͡zʲ,fieldwork,fieldwork
пшеница,Ходзь,ɡʷ,гу,ɡʷɐd͡z,fieldwork,fieldwork
пшеница,Блечепсин,ɡʷ,гу,ɡʷɐd͡zʲ,fieldwork,fieldwork
пшеница,Хумара,ɡʷ,гу,ɡʷɐd͡z,fieldwork,fieldwork
пшеница,Инджиджишхо,ɡʷ,гу,ɡʷɐd͡z,fieldwork,fieldwork
пшеница,Эрсакон,ɡʷ,гу,ɡʷɐd͡z,fieldwork,fieldwork
пшеница,Жако,ɡʷ,гу,ɡʷɐd͡z,fieldwork,fieldwork
рот,Хаджико,ʑ,жь,ʑɐ,fieldwork,fieldwork
рот,Большой Кичмай,ʑ,жь,ʑɐ,fieldwork,fieldwork
рот,Псебе,ʑ,жь,ʑɐ,fieldwork,fieldwork
рот,Агуй-Шапсуг,ʑ,жь,ʑɐ,fieldwork,fieldwork
рот,Псейтук,ʑ,жь,ʑɐ,fieldwork,fieldwork
рот,Нешукай,ʒ,ж,ʒɐ,fieldwork,fieldwork
рот,Егерухай,ʒ,ж,ʒɐ,fieldwork,fieldwork
рот,М. Псеушхо,ʒ,ж,ʒɐ,fieldwork,fieldwork
рот,Уляп,ʒ,ж,ʒɐ,fieldwork,fieldwork
рот,Вакожиле,ʒ,ж,ʒɐ,fieldwork,fieldwork
рот,Бесленей,ʒ,ж,ʒɐ,fieldwork,fieldwork
рот,Кургоковское,ʒ,ж,ʒɐ,fieldwork,fieldwork
рот,Ходзь,ẑ,жъ,ẑɐ,fieldwork,fieldwork
рот,Блечепсин,ẑ,жъ,ẑɐ,fieldwork,fieldwork
рот,Хумара,ẑ,жъ,ẑɐ,fieldwork,fieldwork
рот,Инджиджишхо,ẑ,жъ,ẑɐ,fieldwork,fieldwork
рот,Эрсакон,ʑ,жь,ʑɐ,fieldwork,fieldwork
рот,Жако,ẑ,жъ,ẑɐ,fieldwork,fieldwork
рубашка,Хаджико,ɡʲ,гь,ɡʲanɐ,fieldwork,fieldwork
рубашка,Большой Кичмай,ɡʲ,гь,ɡʲanɐ,fieldwork,fieldwork
рубашка,Агуй-Шапсуг,ɡʲ,гь,ɡʲan,fieldwork,fieldwork
рубашка,Псейтук,ɡʲ,гь,ɡʲanɐ,fieldwork,fieldwork
рубашка,Нешукай,d͡ʑ,дж,d͡ʑanɐ,fieldwork,fieldwork
рубашка,М. Псеушхо,d͡ʑ,дж,d͡ʑanɐ,fieldwork,fieldwork
рубашка,Уляп,d͡ʑ,дж,d͡ʑanɐ,fieldwork,fieldwork
рубашка,Вакожиле,d͡ʑ,дж,d͡ʑanɐ,fieldwork,fieldwork
рубашка,Кургоковское,d͡ʑ,дж,d͡ʑanɐ,fieldwork,fieldwork
рубашка,Ходзь,d͡ʑ,дж,d͡ʑanɐ,fieldwork,fieldwork
рубашка,Блечепсин,d͡ʑ,дж,d͡ʑanɐ,fieldwork,fieldwork
рубашка,Хумара,d͡ʑ,дж,d͡ʑanɐ,fieldwork,fieldwork
рубашка,Инджиджишхо,d͡ʑ,дж,d͡ʑanɐ,fieldwork,fieldwork
рубашка,Эрсакон,d͡ʑ,дж,d͡ʑanɐ,fieldwork,fieldwork
рубашка,Жако,d͡ʑ,дж,d͡ʑanɐ,fieldwork,fieldwork
рыба,Хаджико,p,п,pt͡sɐẑəj,fieldwork,fieldwork
рыба,Большой Кичмай,p,п,pt͡sɐẑəj,fieldwork,fieldwork
рыба,Псебе,p,п,psɐẑəj,fieldwork,fieldwork
рыба,Агуй-Шапсуг,p,п,pːt͡sɐẑəj,fieldwork,fieldwork
рыба,Б. Псеушхо,p,п,pt͡sɐẑəj,fieldwork,fieldwork
рыба,М. Псеушхо,p,п,pt͡sɐẑəj,fieldwork,fieldwork
рыба,Уляп,b,б,bẑeẑje,fieldwork,fieldwork
рыба,Вакожиле,b,б,bd͡zɐẑjɐj,fieldwork,fieldwork
рыба,Бесленей,b,б,bd͡zɐẑjɐj,fieldwork,fieldwork
рыба,Кургоковское,b,б,bd͡ʑɐẑjɐ,fieldwork,fieldwork
рыба,Ходзь,b,б,bd͡zɐẑjɐ,fieldwork,fieldwork
рыба,Блечепсин,b,б,bd͡zɐẑjɐ,fieldwork,fieldwork
рыба,Хумара,b,б,bd͡zɐẑɐj,fieldwork,fieldwork
рыба,Инджиджишхо,b,б,bd͡zɐẑjɐ,fieldwork,fieldwork
рыба,Эрсакон,b,б,bd͡zɐẑjɐj,fieldwork,fieldwork
рыба,Жако,b,б,bd͡zɐẑjɐj,fieldwork,fieldwork
рыба 2,Хаджико,t͡s,ц,pt͡sɐẑəj,fieldwork,fieldwork
рыба 2,Большой Кичмай,t͡s,ц,pt͡sɐẑəj,fieldwork,fieldwork
рыба 2,Псебе,s,с,psɐẑəj,fieldwork,fieldwork
рыба 2,Агуй-Шапсуг,t͡s,ц,pːt͡sɐẑəj,fieldwork,fieldwork
рыба 2,Б. Псеушхо,t͡s,ц,pt͡sɐẑəj,fieldwork,fieldwork
рыба 2,М. Псеушхо,t͡s,ц,pt͡sɐẑəj,fieldwork,fieldwork
рыба 2,Уляп,ẑ,жъ,bẑeẑje,fieldwork,fieldwork
рыба 2,Вакожиле,d͡z,дз,bd͡zɐẑjɐj,fieldwork,fieldwork
рыба 2,Бесленей,d͡z,дз,bd͡zɐẑjɐj,fieldwork,fieldwork
рыба 2,Кургоковское,dʑ,дж,bd͡ʑɐẑjɐ,fieldwork,fieldwork
рыба 2,Ходзь,d͡z,дз,bd͡zɐẑjɐ,fieldwork,fieldwork
рыба 2,Блечепсин,d͡z,дз,bd͡zɐẑjɐ,fieldwork,fieldwork
рыба 2,Хумара,d͡z,дз,bd͡zɐẑɐj,fieldwork,fieldwork
рыба 2,Инджиджишхо,d͡z,дз,bd͡zɐẑjɐ,fieldwork,fieldwork
рыба 2,Эрсакон,d͡z,дз,bd͡zɐẑjɐj,fieldwork,fieldwork
рыба 2,Жако,d͡z,дз,bd͡zɐẑjɐj,fieldwork,fieldwork
свекровь,Хаджико,ɕ,щ,ɡʷaɕɐ,fieldwork,fieldwork
свекровь,Большой Кичмай,ɕ,щ,ɡʷaɕɐ,fieldwork,fieldwork
свекровь,Агуй-Шапсуг,ɕ,щ,ɡʷaɕɐ,fieldwork,fieldwork
свекровь,Псейтук,ɕ,щ,ɡʷaɕɐ,fieldwork,fieldwork
свекровь,Нешукай,ɕ,щ,ɡʷaɕə,fieldwork,fieldwork
свекровь,Егерухай,ɕ,щ,ɡʷaɕɐ,fieldwork,fieldwork
свекровь,М. Псеушхо,ʃ,ш,ɡʷaʃɐ,fieldwork,fieldwork
свекровь,Уляп,ɕ,щ,ɡʷaɕɐ,fieldwork,fieldwork
свекровь,Вакожиле,ɕ,щ,ɡʷaɕɐ,fieldwork,fieldwork
свекровь,Кургоковское,ɕ,щ,ɡʷaɕɐ,fieldwork,fieldwork
свекровь,Ходзь,ŝ,щ,ɡʷaŝɐ,fieldwork,fieldwork
свекровь,Блечепсин,ŝ,щ,ʁʷaŝɐ,fieldwork,fieldwork
свекровь,Хумара,ŝ,щ,ɡʷaŝɐ,fieldwork,fieldwork
свекровь,Инджиджишхо,ŝ,щ,ɡʷaŝɐ,fieldwork,fieldwork
свекровь,Эрсакон,ŝ,щ,ɡʷaŝɐ,fieldwork,fieldwork
свекровь,Жако,ŝ,щ,ɡʷaŝɐ,fieldwork,fieldwork
свинья,Хаджико,qʷ,къу,qʷɐ,fieldwork,fieldwork
свинья,Большой Кичмай,qʷ,къу,qʷɐ,fieldwork,fieldwork
свинья,Агуй-Шапсуг,χʷ,хъу,χʷɐ,fieldwork,fieldwork
свинья,Псейтук,qʰʷ,кхъу,qʰʷɐ,fieldwork,fieldwork
свинья,Нешукай,qʰʷ,кхъу,qʰʷɐ,fieldwork,fieldwork
свинья,М. Псеушхо,qʷ,къу,qʷɐ,fieldwork,fieldwork
свинья,Уляп,qʰʷ,кхъу,qʰʷɐ,fieldwork,fieldwork
свинья,Кургоковское,qʰʷ,кхъу,qʰʷɐ,fieldwork,fieldwork
свинья,Ходзь,q͡χʷ,кхъу,q͡χʷɐ,fieldwork,fieldwork
свинья,Блечепсин,q͡χʷ,кхъу,q͡χʷɐ,fieldwork,fieldwork
свинья,Хумара,q͡χʷ,кхъу,q͡χʷɐ,fieldwork,fieldwork
свинья,Инджиджишхо,q͡χʷ,кхъу,q͡χʷɐ,fieldwork,fieldwork
свинья,Эрсакон,q͡χʷ,кхъу,q͡χʷɐ,fieldwork,fieldwork
свинья,Жако,q͡χʷ,кхъу,q͡χʷɐ,fieldwork,fieldwork
селезёнка,Псейтук,t͡ɕʰ,чh,t͡ɕʰɐ,fieldwork,fieldwork
селезёнка,Нешукай,t͡ɕʰ,чh,t͡ɕʰɐ,fieldwork,fieldwork
селезёнка,Уляп,t͡ɕ,ч,t͡ɕɐ,fieldwork,fieldwork
селезёнка,Эрсакон,t͡ɕ,ч,t͡ɕɐ,fieldwork,fieldwork
селение,Хаджико,t͡ɕ,ч,t͡ɕəɮɐ,fieldwork,fieldwork
селение,Большой Кичмай,t͡ɕ,ч,t͡ɕəɮɐ,fieldwork,fieldwork
селение,Агуй-Шапсуг,t͡ɕ,ч,t͡ɕəɮɐ,fieldwork,fieldwork
селение,Псейтук,t͡ɕ,ч,t͡ɕəɮɐ,fieldwork,fieldwork
селение,Нешукай,t͡ɕ,ч,t͡ɕəɮɐ,fieldwork,fieldwork
селение,М. Псеушхо,t͡ɕ,ч,t͡ɕɐɮaʁʷ,fieldwork,fieldwork
селение,Уляп,ʒ,ж,ʒəɮɐ,fieldwork,fieldwork
селение,Вакожиле,ʑ,жь,ʑəɮɐ,fieldwork,fieldwork
селение,Кургоковское,d͡ʑ,дж,d͡ʑəɮɐ,fieldwork,fieldwork
селение,Ходзь,ʑ,жь,ʑəɮɐ,fieldwork,fieldwork
селение,Блечепсин,ʑ,жь,ʑəɮɐ,fieldwork,fieldwork
селение,Хумара,ʑ,жь,ʑəɮɐ,fieldwork,fieldwork
селение,Инджиджишхо,ʒ,ж,ʒəɮɐ,fieldwork,fieldwork
селение,Эрсакон,ʑ,жь,ʑəɮɐ,fieldwork,fieldwork
селение,Жако,ʒ,ж,ʒəɮɐ,fieldwork,fieldwork
селение 2,Нешукай,d͡ʑ,дж,q’ʷad͡ʑ,fieldwork,fieldwork
селение 2,Кургоковское,d͡ʑ,дж,q’ʷad͡ʑɐ,fieldwork,fieldwork
селение 2,Ходзь,ʑ,жь,q’ʷaʑɐ,fieldwork,fieldwork
селение 2,Блечепсин,ʑ,жь,q’ʷaʑɐ,fieldwork,fieldwork
селение 2,Хумара,ʑ,жь,q’ʷaʑɐ,fieldwork,fieldwork
селение 2,Инджиджишхо,ʒ,ж,q’ʷaʒɐ,fieldwork,fieldwork
селение 2,Эрсакон,ʑ,жь,q’ʷaʑɐ,fieldwork,fieldwork
селение 2,Жако,ʒ,ж,q’ʷaʒɐ,fieldwork,fieldwork
синий,Хаджико,,,шъухъуатIэ,fieldwork,fieldwork
синий,Большой Кичмай,,,шъухъуатIэ [sχʷat'e],fieldwork,fieldwork
синий,Агуй-Шапсуг,,,шхъуатIэ,fieldwork,fieldwork
синий,Псейтук,,,шъухъуатIэ,fieldwork,fieldwork
синий,Нешукай,,,шхъуатIэ,fieldwork,fieldwork
синий,М. Псеушхо,,,шъухъуатIэ,fieldwork,fieldwork
синий,Уляп,,,šχʷanṭe,fieldwork,fieldwork
синий,Вакожиле,,,шхъуантIэ,fieldwork,fieldwork
синий,Ходзь,,,шхъуантIэ,fieldwork,fieldwork
синий,Блечепсин,,,шхъуантIэ,fieldwork,fieldwork
синий,Хумара,,,шхъуантIэ,fieldwork,fieldwork
синий,Инджиджишхо,,,шхъуантIэ,fieldwork,fieldwork
синий,Эрсакон,,,шъхъуантIэ,fieldwork,fieldwork
синий,Жако,,,шхъуантIэ,fieldwork,fieldwork
соль,Хаджико,,,чыгъу,fieldwork,fieldwork
соль,Большой Кичмай,,,чыгъуы,fieldwork,fieldwork
соль,Псебе,,,х'ыгъу,fieldwork,fieldwork
соль,Агуй-Шапсуг,,,х'игъу,fieldwork,fieldwork
соль,Псейтук,,,щhыгъу,fieldwork,fieldwork
соль,Нешукай,,,щыгъу,fieldwork,fieldwork
соль,М. Псеушхо,,,шыгъу,fieldwork,fieldwork
соль,Уляп,,,šʼəʁʷə,fieldwork,fieldwork
соль,Вакожиле,,,щогъу,fieldwork,fieldwork
соль,Бесленей,,,щогъу,fieldwork,fieldwork
соль,Кургоковское,,,чогъу,fieldwork,fieldwork
соль,Ходзь,,,щыгъу,fieldwork,fieldwork
соль,Блечепсин,,,щыгъу,fieldwork,fieldwork
соль,Хумара,,,щыгъу,fieldwork,fieldwork
соль,Инджиджишхо,,,шыгъу,fieldwork,fieldwork
соль,Эрсакон,,,щыгъу,fieldwork,fieldwork
соль,Жако,,,шыгъу,fieldwork,fieldwork
спать,Хаджико,,,"рэчыет, рэмычыенэу сыфай",fieldwork,fieldwork
спать,Большой Кичмай,,,"чыягъ, чыещт, рэмычыенэу сыфае",fieldwork,fieldwork
спать,Псебе,,,"(рэ)чые(щ)т, рэмычыено сыфай",fieldwork,fieldwork
спать,Агуй-Шапсуг,,,"рэчыещт, рэмычыено сыфай",fieldwork,fieldwork
спать,Псейтук,,,"рэчыещт, рэмычыенэу сыфай",fieldwork,fieldwork
спать,М. Псеушхо,,,"чыешт, рэмычыенэу сыфай",fieldwork,fieldwork
спать,Бесленей,,,"жеину, мыжеину сыхуе",fieldwork,fieldwork
спать,Ходзь,,,"сыжьеинэ, сымыжьеину",fieldwork,fieldwork
спать,Хумара,,,"жеин, мыжеину сыхуе",fieldwork,fieldwork
спать,Инджиджишхо,,,"жеину, мыжеину сыхуе",fieldwork,fieldwork
спать,Эрсакон,,,"жеин, мыжеину сыхуе",fieldwork,fieldwork
спать,Жако,,,"жеинэ, мыжеину жеIа",fieldwork,fieldwork
среда,Агуй-Шапсуг,,,брэскьежьый,fieldwork,fieldwork
среда,Нешукай,,,бэрэскэжъый,fieldwork,fieldwork
стоять,Хаджико,,,"щытыт, щымытынэу сыфай",fieldwork,fieldwork
стоять,Большой Кичмай,,,"щытыгъ, щытыщт, щымытынэу сыфае",fieldwork,fieldwork
стоять,Псебе,,,"щыты(щ)т, щымытыно сыфай",fieldwork,fieldwork
стоять,Агуй-Шапсуг,,,"щытыщт, щымытыно сыфай",fieldwork,fieldwork
стоять,Псейтук,,,"щытhыщт, щымытhынэу сыфай",fieldwork,fieldwork
стоять,М. Псеушхо,,,"шытышт, шымытынэу сыфай",fieldwork,fieldwork
стоять,Бесленей,,,"щытыну, щымытыну сыхуе",fieldwork,fieldwork
стоять,Ходзь,,,"сышъытынэ, сышъымытыну",fieldwork,fieldwork
стоять,Хумара,,,"шъытын, шъымытыну сыхуе",fieldwork,fieldwork
стоять,Инджиджишхо,,,"шъытыну, шъымытыну сыхуе",fieldwork,fieldwork
стоять,Эрсакон,,,"шъытын, шъымытыну сыхуе",fieldwork,fieldwork
стоять,Жако,,,"шъытынэ, шъымытыну жеIа",fieldwork,fieldwork
сын,Хаджико,,,"шъао, къо",fieldwork,fieldwork
сын,Большой Кичмай,,,"шъао, къhо",fieldwork,fieldwork
сын,Псебе,,,"шъао, къо",fieldwork,fieldwork
сын,Агуй-Шапсуг,,,"кIалэ, шъао",fieldwork,fieldwork
сын,Псейтук,,,къо,fieldwork,fieldwork
сын,Нешукай,,,къо,fieldwork,fieldwork
сын,Егерухай,,,"къо, к1алэ",fieldwork,fieldwork
сын,М. Псеушхо,,,"кIалэ, кхъо",fieldwork,fieldwork
сын,Уляп,,,qʷe,fieldwork,fieldwork
сын,Вакожиле,,,къо,fieldwork,fieldwork
сын,Кургоковское,,,къо,fieldwork,fieldwork
сын,Ходзь,,,къуэ,fieldwork,fieldwork
сын,Блечепсин,,,къо,fieldwork,fieldwork
сын,Хумара,,,къо,fieldwork,fieldwork
сын,Инджиджишхо,,,къуэ,fieldwork,fieldwork
сын,Эрсакон,,,къуэ,fieldwork,fieldwork
сын,Жако,,,къуэ,fieldwork,fieldwork
сыр,Хаджико,,,къуае,fieldwork,fieldwork
сыр,Большой Кичмай,,,къ(h)уае,fieldwork,fieldwork
сыр,Агуй-Шапсуг,,,хъуае,fieldwork,fieldwork
сыр,Псейтук,,,къhуае,fieldwork,fieldwork
сыр,Нешукай,,,къhуае,fieldwork,fieldwork
сыр,М. Псеушхо,,,къуае,fieldwork,fieldwork
сыр,Уляп,,,qʰʷje,fieldwork,fieldwork
сыр,Вакожиле,,,кхъуей,fieldwork,fieldwork
сыр,Кургоковское,,,кхъуе,fieldwork,fieldwork
сыр,Ходзь,,,кхъуе,fieldwork,fieldwork
сыр,Блечепсин,,,кхъуе,fieldwork,fieldwork
сыр,Хумара,,,кхъуей,fieldwork,fieldwork
сыр,Инджиджишхо,,,кхъуей,fieldwork,fieldwork
сыр,Эрсакон,,,кхъуей,fieldwork,fieldwork
сыр,Жако,,,кхъуе,fieldwork,fieldwork
таз,Хаджико,,,лэгьен,fieldwork,fieldwork
таз,Большой Кичмай,,,лэгьен,fieldwork,fieldwork
таз,Агуй-Шапсуг,,,лэгьен,fieldwork,fieldwork
таз,Псейтук,,,лэгьен,fieldwork,fieldwork
таз,Нешукай,,,лэджэн,fieldwork,fieldwork
таз,М. Псеушхо,,,лэджэн,fieldwork,fieldwork
таз,Бесленей,,,лъэджэн,fieldwork,fieldwork
таз,Блечепсин,,,тас,fieldwork,fieldwork
теленок (до года),Хаджико,,,щкIьэ,fieldwork,fieldwork
теленок (до года),Большой Кичмай,,,щкIье,fieldwork,fieldwork
теленок (до года),Псейтук,,,щкIье,fieldwork,fieldwork
теленок (до года),Нешукай,,,шкIэ [к],fieldwork,fieldwork
теленок (до года),М. Псеушхо,,,шкIэ [ʃk'e],fieldwork,fieldwork
теленок (до года),Уляп,,,šḳe,fieldwork,fieldwork
теленок (до года),Вакожиле,,,шккIэ,fieldwork,fieldwork
теленок (до года),Кургоковское,,,šḳe c̣əḳʷ,fieldwork,fieldwork
теленок (до года),Ходзь,,,"щккIэ, щккIашIэ",fieldwork,fieldwork
теленок (до года),Блечепсин,,,щкIэ,fieldwork,fieldwork
теленок (до года),Хумара,,,щкIэ,fieldwork,fieldwork
теленок (до года),Инджиджишхо,,,шкIэ [ʃtɕ'e],fieldwork,fieldwork
теленок (до года),Эрсакон,,,щкIэ [ɕtɕ'e],fieldwork,fieldwork
теленок (до года),Жако,,,шкIэ [ʃtɕ'e],fieldwork,fieldwork
три,Хаджико,,,щы,fieldwork,fieldwork
три,Большой Кичмай,,,щы,fieldwork,fieldwork
три,Агуй-Шапсуг,,,шы,fieldwork,fieldwork
три,Псейтук,,,щы,fieldwork,fieldwork
три,Нешукай,,,щы,fieldwork,fieldwork
три,М. Псеушхо,,,шы,fieldwork,fieldwork
три,Уляп,,,šʼə,fieldwork,fieldwork
три,Вакожиле,,,щы,fieldwork,fieldwork
три,Ходзь,,,шъы,fieldwork,fieldwork
три,Хумара,,,шъы,fieldwork,fieldwork
три,Инджиджишхо,,,шъы,fieldwork,fieldwork
три,Эрсакон,,,шъы,fieldwork,fieldwork
три,Жако,,,шъы,fieldwork,fieldwork
усы,Хаджико,,,пакIэ,fieldwork,fieldwork
усы,Большой Кичмай,,,"пакIэ, с",fieldwork,fieldwork
усы,Агуй-Шапсуг,,,пакIэ,fieldwork,fieldwork
усы,Псейтук,,,пhакIэ,fieldwork,fieldwork
усы,Нешукай,,,пhакIэ,fieldwork,fieldwork
усы,Егерухай,,,пакIэ,fieldwork,fieldwork
усы,Уляп,,,pač̣ʼe,fieldwork,fieldwork
усы,Вакожиле,,,жакIэ,fieldwork,fieldwork
усы,Кургоковское,,,пакIэ,fieldwork,fieldwork
усы,Ходзь,,,пашIэ,fieldwork,fieldwork
усы,Блечепсин,,,пашIэ,fieldwork,fieldwork
усы,Хумара,,,пашIэ,fieldwork,fieldwork
усы,Инджиджишхо,,,пашIэ,fieldwork,fieldwork
усы,Эрсакон,,,пашIэ,fieldwork,fieldwork
усы,Жако,,,пашIуэ,fieldwork,fieldwork
утро,Хаджико,,,пчыдыжь,fieldwork,fieldwork
утро,Большой Кичмай,,,пчэдыжь,fieldwork,fieldwork
утро,Агуй-Шапсуг,,,пчэйыжъ,fieldwork,fieldwork
утро,Псейтук,,,пчэдыжь,fieldwork,fieldwork
утро,Нешукай,,,пчэдыжь,fieldwork,fieldwork
утро,М. Псеушхо,,,пчыдыж,fieldwork,fieldwork
утро,Уляп,,,pšʼedəžʼ,fieldwork,fieldwork
утро,Вакожиле,,,пщэджыжь,fieldwork,fieldwork
утро,Кургоковское,,,пщэдгыжь,fieldwork,fieldwork
утро,Ходзь,,,пщэдгыжъ,fieldwork,fieldwork
утро,Блечепсин,,,пщэдгыжъ,fieldwork,fieldwork
утро,Хумара,,,пшъэдджежъ,fieldwork,fieldwork
утро,Инджиджишхо,,,пшъэджыжъ,fieldwork,fieldwork
утро,Эрсакон,,,пшъэдджежъ,fieldwork,fieldwork
утро,Жако,,,пшъэджыжъ,fieldwork,fieldwork
фасоль,Хаджико,,,гьечы,fieldwork,fieldwork
фасоль,Большой Кичмай,,,гьечы,fieldwork,fieldwork
фасоль,Агуй-Шапсуг,,,гьех'и,fieldwork,fieldwork
фасоль,Псейтук,,,гьещhы,fieldwork,fieldwork
фасоль,Нешукай,,,джэнч,fieldwork,fieldwork
фасоль,М. Псеушхо,,,джэшы,fieldwork,fieldwork
фасоль,Уляп,,,ǯʼenčʼ,fieldwork,fieldwork
фасоль,Вакожиле,,,жэнщ,fieldwork,fieldwork
фасоль,Кургоковское,,,джэнч,fieldwork,fieldwork
фасоль,Ходзь,,,джэщ,fieldwork,fieldwork
фасоль,Блечепсин,,,джэщ,fieldwork,fieldwork
фасоль,Хумара,,,джэнщ,fieldwork,fieldwork
фасоль,Инджиджишхо,,,джэнш,fieldwork,fieldwork
фасоль,Эрсакон,,,джэнш,fieldwork,fieldwork
фасоль,Жако,,,джэнш,fieldwork,fieldwork
холодный,Хаджико,,,чыIэ,fieldwork,fieldwork
холодный,Большой Кичмай,,,к1ы1э,fieldwork,fieldwork
холодный,Псебе,,,чыIэ,fieldwork,fieldwork
холодный,Агуй-Шапсуг,,,кIыIэ,fieldwork,fieldwork
холодный,Псейтук,,,чыIа,fieldwork,fieldwork
холодный,Нешукай,,,чъыIэ,fieldwork,fieldwork
холодный,М. Псеушхо,,,чыIа,fieldwork,fieldwork
холодный,Уляп,,,čəʔe,fieldwork,fieldwork
холодный,Вакожиле,,,чъыIэ,fieldwork,fieldwork
холодный,Бесленей,,,чъыIэ,fieldwork,fieldwork
холодный,Ходзь,,,шIыIэ,fieldwork,fieldwork
холодный,Блечепсин,,,шIыIэ,fieldwork,fieldwork
холодный,Хумара,,,шIыIэ,fieldwork,fieldwork
холодный,Инджиджишхо,,,шIыIэ,fieldwork,fieldwork
холодный,Эрсакон,,,шIыIэ,fieldwork,fieldwork
холодный,Жако,,,шIыIа,fieldwork,fieldwork
черный,Хаджико,,,шIуцIэ,fieldwork,fieldwork
черный,Большой Кичмай,,,шIуцIэ,fieldwork,fieldwork
черный,Псебе,,,"шIусIэ, шIуцIэ",fieldwork,fieldwork
черный,Агуй-Шапсуг,,,шIусIы,fieldwork,fieldwork
черный,Псейтук,,,шIуцIэ,fieldwork,fieldwork
черный,Нешукай,,,шIуцIэ,fieldwork,fieldwork
черный,М. Псеушхо,,,шIуцIэ,fieldwork,fieldwork
черный,Уляп,,,fəc̣e,fieldwork,fieldwork
черный,Вакожиле,,,фыцIэ,fieldwork,fieldwork
черный,Бесленей,,,фыцIэ,fieldwork,fieldwork
черный,Ходзь,,,фIыцIэ,fieldwork,fieldwork
черный,Блечепсин,,,фыцIэ,fieldwork,fieldwork
черный,Хумара,,,фIыцIэ,fieldwork,fieldwork
черный,Инджиджишхо,,,фIыцIэ,fieldwork,fieldwork
черный,Эрсакон,,,фIыцIэ,fieldwork,fieldwork
черный,Жако,,,фIыцIэ,fieldwork,fieldwork
что?,Хаджико,,,шъыд,fieldwork,fieldwork
что?,Большой Кичмай,,,шъыд,fieldwork,fieldwork
что?,Псебе,,,шъыд,fieldwork,fieldwork
что?,Агуй-Шапсуг,,,шъыд,fieldwork,fieldwork
что?,Псейтук,,,шъыд,fieldwork,fieldwork
что?,Нешукай,,,шъыд,fieldwork,fieldwork
что?,М. Псеушхо,,,сыд,fieldwork,fieldwork
что?,Уляп,,,"sət\səd, si",fieldwork,fieldwork
что?,Вакожиле,,,"си, сыт",fieldwork,fieldwork
что?,Бесленей,,,"си, сыт",fieldwork,fieldwork
что?,Ходзь,,,"сыт, лIо",fieldwork,fieldwork
что?,Блечепсин,,,сыт,fieldwork,fieldwork
что?,Хумара,,,сыт,fieldwork,fieldwork
что?,Инджиджишхо,,,сыт,fieldwork,fieldwork
что?,Эрсакон,,,лIо,fieldwork,fieldwork
что?,Жако,,,"сыт, лIо",fieldwork,fieldwork
шерсть,Хаджико,,,цы,fieldwork,fieldwork
шерсть,Большой Кичмай,,,"цы, с",fieldwork,fieldwork
шерсть,Псебе,,,цы,fieldwork,fieldwork
шерсть,Агуй-Шапсуг,,,цы,fieldwork,fieldwork
шерсть,Псейтук,,,цhы,fieldwork,fieldwork
шерсть,Нешукай,,,цhы,fieldwork,fieldwork
шерсть,Уляп,,,cə,fieldwork,fieldwork
шерсть,Кургоковское,,,цы,fieldwork,fieldwork
шерсть,Ходзь,,,цы,fieldwork,fieldwork
шерсть,Блечепсин,,,цы,fieldwork,fieldwork
шерсть,Хумара,,,цы,fieldwork,fieldwork
шерсть,Инджиджишхо,,,цы,fieldwork,fieldwork
шерсть,Эрсакон,,,цы,fieldwork,fieldwork
шерсть,Жако,,,цы,fieldwork,fieldwork
яйцо,Хаджико,,,кIьякIье,fieldwork,fieldwork
яйцо,Большой Кичмай,,,кIьякIье,,
яйцо,Псебе,,,кIакIэ,,
яйцо,Агуй-Шапсуг,,,кIьякIье,,
яйцо,Псейтук,,,кIякIе,,
яйцо,Нешукай,,,кIэ(н)кIэ,,
яйцо,М. Псеушхо,,,кIанкIэ,,
яйцо,Уляп,,,ǯʼedəč̣ʼe,,
яйцо,Вакожиле,,,джэдыкIэ,,
яйцо,Бесленей,,,джэдыкIэ,,
яйцо,Кургоковское,,,джэдыкIэ,,
яйцо,Ходзь,,,джэдыкIэ,,
яйцо,Блечепсин,,,джэдыкIэ,,
яйцо,Хумара,,,джэдыкIэ,,
яйцо,Инджиджишхо,,,джэдыкIэ,,
яйцо,Эрсакон,,,джэдыкIэ,,
яйцо,Жако,,,джэдыкIэ,,
